name,owner,createdAt,updatedAt,primaryLanguage,pullRequests,releases,issues,closedIssues,stargazers
freeCodeCamp,freeCodeCamp,2014-12-24T17:49:19Z,2025-02-24T10:02:30Z,TypeScript,24375,0,18936,18761,410410
free-programming-books,EbookFoundation,2013-10-11T06:50:37Z,2025-02-24T10:09:40Z,HTML,6787,0,1160,1131,351034
awesome,sindresorhus,2014-07-11T13:42:37Z,2025-02-24T10:09:27Z,,661,0,347,335,348479
build-your-own-x,codecrafters-io,2018-05-09T12:03:18Z,2025-02-24T10:15:43Z,Markdown,140,0,732,542,340173
public-apis,public-apis,2016-03-20T23:49:42Z,2025-02-24T09:58:06Z,Python,1872,0,653,603,328280
coding-interview-university,jwasham,2016-06-06T02:34:12Z,2025-02-24T10:14:05Z,,415,0,511,458,312258
developer-roadmap,kamranahmedse,2017-03-15T13:45:52Z,2025-02-24T10:13:26Z,TypeScript,3339,1,2671,2530,308978
system-design-primer,donnemartin,2017-02-26T16:15:28Z,2025-02-24T10:13:26Z,Python,199,0,320,87,290021
996.ICU,996icu,2019-03-26T07:31:14Z,2025-02-24T08:13:25Z,,1068,0,0,0,270301
awesome-python,vinta,2014-06-27T21:00:06Z,2025-02-24T10:03:10Z,Python,543,0,0,0,235026
react,facebook,2013-05-24T16:15:54Z,2025-02-24T10:13:06Z,JavaScript,11363,103,13536,12760,232543
project-based-learning,practical-tutorials,2017-04-12T05:07:46Z,2025-02-24T10:02:25Z,,182,0,191,78,218689
awesome-selfhosted,awesome-selfhosted,2015-06-01T02:33:17Z,2025-02-24T10:03:10Z,,2393,1,803,803,217839
vue,vuejs,2013-07-29T03:24:51Z,2025-02-24T08:00:04Z,TypeScript,1136,249,10018,9664,208398
Python,TheAlgorithms,2016-07-16T09:44:01Z,2025-02-24T10:15:27Z,Python,2913,0,1556,1492,197588
javascript-algorithms,trekhleb,2018-03-24T07:47:04Z,2025-02-24T09:04:37Z,JavaScript,302,0,356,227,190200
linux,torvalds,2011-09-04T22:48:12Z,2025-02-24T09:38:18Z,C,10,0,0,0,188338
tensorflow,tensorflow,2015-11-07T01:19:20Z,2025-02-24T10:02:22Z,C++,29287,213,40259,39465,188227
You-Dont-Know-JS,getify,2013-11-16T02:37:24Z,2025-02-24T09:42:36Z,,367,0,936,855,181110
CS-Notes,CyC2018,2018-02-13T14:56:24Z,2025-02-24T10:15:49Z,,374,0,596,448,179010
ohmyzsh,ohmyzsh,2009-08-28T18:15:37Z,2025-02-24T10:04:12Z,Shell,3289,0,4894,4761,176288
computer-science,ossu,2014-05-04T00:18:39Z,2025-02-24T09:46:07Z,,283,0,642,628,175860
AutoGPT,Significant-Gravitas,2023-03-16T09:21:07Z,2025-02-24T09:59:48Z,Python,2591,42,3143,2976,171861
bootstrap,twbs,2011-07-29T21:19:00Z,2025-02-24T09:40:41Z,JavaScript,8845,89,22621,22125,171608
flutter,flutter,2015-03-06T22:54:58Z,2025-02-24T08:48:17Z,Dart,40935,7,103579,90583,168800
vscode,microsoft,2015-09-03T20:23:38Z,2025-02-24T10:03:47Z,TypeScript,31368,156,190804,182112,167728
gitignore,github,2010-11-08T20:17:14Z,2025-02-24T10:00:46Z,,1575,0,0,0,164597
Python-100-Days,jackfrued,2018-03-01T16:05:52Z,2025-02-24T10:01:42Z,Jupyter Notebook,13,0,662,114,161139
the-book-of-secret-knowledge,trimstray,2018-06-23T10:43:14Z,2025-02-24T10:03:25Z,,122,0,0,0,158950
the-art-of-command-line,jlevy,2015-05-20T15:11:03Z,2025-02-24T10:10:07Z,,317,0,254,136,154812
stable-diffusion-webui,AUTOMATIC1111,2022-08-22T14:05:26Z,2025-02-24T09:34:32Z,Python,1871,27,7750,5447,148329
JavaGuide,Snailclimb,2018-05-07T13:27:00Z,2025-02-24T10:06:23Z,Java,1141,0,1073,1008,148276
javascript,airbnb,2012-11-01T23:13:50Z,2025-02-24T08:05:14Z,JavaScript,811,0,1347,1252,146164
transformers,huggingface,2018-10-29T13:56:00Z,2025-02-24T10:13:16Z,Python,14617,180,16717,15722,140052
awesome-go,avelino,2014-07-06T13:42:15Z,2025-02-24T09:50:12Z,Go,3396,0,669,664,138668
youtube-dl,ytdl-org,2010-10-31T14:35:07Z,2025-02-24T09:53:23Z,Python,1639,341,26688,22998,134353
next.js,vercel,2016-10-05T23:32:51Z,2025-02-24T09:25:59Z,JavaScript,20936,1000,22418,19747,129635
ollama,ollama,2023-06-26T19:39:32Z,2025-02-24T10:05:38Z,Go,2008,115,6086,4704,129002
fucking-algorithm,labuladong,2020-02-19T09:01:23Z,2025-02-24T10:03:14Z,Markdown,238,1,882,881,126922
go,golang,2014-08-19T04:33:40Z,2025-02-24T09:56:17Z,Go,1,0,65587,56423,126024
30-seconds-of-code,Chalarangelo,2017-11-29T17:35:03Z,2025-02-24T09:13:45Z,JavaScript,821,11,296,296,122750
tech-interview-handbook,yangshun,2016-07-05T05:00:48Z,2025-02-24T09:51:08Z,TypeScript,466,0,107,70,122042
Microsoft-Activation-Scripts,massgravel,2020-01-12T23:03:34Z,2025-02-24T10:09:58Z,Batchfile,6,19,576,574,121513
awesome-chatgpt-prompts,f,2022-12-05T13:54:13Z,2025-02-24T10:02:53Z,HTML,158,0,0,0,120829
react-native,facebook,2015-01-09T18:10:16Z,2025-02-24T10:07:22Z,C++,886,375,26658,26068,120707
scrcpy,Genymobile,2017-11-21T18:00:27Z,2025-02-24T09:39:20Z,C,109,44,5226,3017,118020
electron,electron,2013-04-12T01:47:36Z,2025-02-24T10:11:34Z,C++,21573,1000,20551,19696,115594
PowerToys,microsoft,2019-05-01T17:44:02Z,2025-02-24T10:06:03Z,C#,5084,109,31584,25754,115050
kubernetes,kubernetes,2014-06-06T22:56:04Z,2025-02-24T10:05:21Z,Go,60738,722,46688,44802,113280
free-programming-books-zh_CN,justjavac,2013-11-04T01:59:19Z,2025-02-24T09:33:04Z,,282,3,0,0,112702
d3,d3,2010-09-27T17:22:42Z,2025-02-24T05:15:31Z,Shell,491,194,2224,2215,109891
node,nodejs,2014-11-26T19:57:11Z,2025-02-24T10:11:45Z,JavaScript,9776,429,18799,17164,109811
hello-algo,krahets,2022-11-04T11:08:34Z,2025-02-24T10:14:10Z,Java,900,9,253,235,109310
axios,axios,2014-08-18T22:30:27Z,2025-02-24T09:41:27Z,JavaScript,935,87,4758,4196,106360
three.js,mrdoob,2010-03-23T18:58:01Z,2025-02-24T09:56:04Z,JavaScript,13715,165,12850,12427,104488
create-react-app,facebook,2016-07-17T14:55:11Z,2025-02-24T09:51:27Z,JavaScript,1949,83,8371,6560,103111
TypeScript,microsoft,2014-06-17T15:28:39Z,2025-02-24T09:15:52Z,TypeScript,14547,206,41720,36188,102322
deno,denoland,2018-05-15T01:34:26Z,2025-02-24T09:49:43Z,Rust,12380,312,12120,10147,101899
nodebestpractices,goldbergyoni,2017-09-15T08:33:19Z,2025-02-24T10:12:55Z,Dockerfile,765,0,325,284,101867
rust,rust-lang,2010-06-16T20:39:03Z,2025-02-24T09:24:29Z,Rust,61376,135,56700,46699,101481
yt-dlp,yt-dlp,2020-10-26T04:22:55Z,2025-02-24T09:56:02Z,Python,2537,104,8728,7222,101476
langchain,langchain-ai,2022-10-17T02:58:36Z,2025-02-24T10:05:56Z,Jupyter Notebook,13214,806,8218,7869,101386
HelloGitHub,521xueweihan,2016-05-04T06:24:11Z,2025-02-24T09:57:38Z,Python,17,51,2751,2559,98839
terminal,microsoft,2017-08-11T18:38:22Z,2025-02-24T08:19:02Z,C++,4029,128,13121,11517,97130
angular,angular,2014-09-18T16:12:01Z,2025-02-24T09:34:23Z,TypeScript,3698,407,28761,27245,97022
material-ui,mui,2014-08-18T19:11:54Z,2025-02-24T09:32:47Z,TypeScript,19894,521,19832,18158,94869
godot,godotengine,2014-01-04T16:05:36Z,2025-02-24T10:01:28Z,C++,36277,58,55179,43811,94406
ant-design,ant-design,2015-04-24T15:37:24Z,2025-02-24T09:05:38Z,TypeScript,14998,691,30928,29718,93785
excalidraw,excalidraw,2020-01-02T01:04:43Z,2025-02-24T10:10:20Z,TypeScript,3558,13,3866,2195,92990
clean-code-javascript,ryanmcdermott,2016-11-25T22:25:41Z,2025-02-24T08:29:11Z,JavaScript,149,0,234,163,92509
free-for-dev,ripienaar,2015-03-18T21:06:26Z,2025-02-24T09:23:14Z,HTML,2647,0,0,0,92430
papers-we-love,papers-we-love,2013-12-15T14:31:41Z,2025-02-24T09:45:09Z,Shell,434,0,243,243,91051
java-design-patterns,iluwatar,2014-08-09T16:45:18Z,2025-02-24T10:09:37Z,Java,1458,0,942,817,90821
frp,fatedier,2015-12-21T15:24:59Z,2025-02-24T09:47:53Z,Go,654,101,3703,3645,90774
iptv,iptv-org,2018-11-14T22:00:57Z,2025-02-24T10:03:36Z,JavaScript,6494,0,9980,9955,90490
thefuck,nvbn,2015-04-08T15:08:04Z,2025-02-24T09:58:17Z,Python,481,17,745,471,90192
puppeteer,puppeteer,2017-05-09T22:16:13Z,2025-02-24T10:08:07Z,TypeScript,5146,494,7074,6819,89796
tauri,tauri-apps,2019-07-13T09:09:37Z,2025-02-24T09:37:25Z,Rust,4804,1000,5216,4261,89761
Awesome-Hacking,Hack-with-Github,2016-03-30T15:47:10Z,2025-02-24T10:14:49Z,,34,0,0,0,89253
vue-element-admin,PanJiaChen,2017-04-17T03:35:49Z,2025-02-24T09:24:44Z,Vue,311,49,3597,2357,88763
DeepSeek-V3,deepseek-ai,2024-12-26T09:52:40Z,2025-02-24T10:14:54Z,Python,17,0,414,305,88047
pytorch,pytorch,2016-08-13T05:26:41Z,2025-02-24T09:18:18Z,Python,6001,58,49044,34487,87175
neovim,neovim,2014-01-31T13:39:22Z,2025-02-24T09:03:43Z,Vim Script,14642,41,12344,10790,86468
every-programmer-should-know,mtdvio,2017-08-24T13:18:26Z,2025-02-24T10:09:25Z,,99,0,51,22,86255
storybook,storybookjs,2016-03-18T04:23:44Z,2025-02-24T09:50:00Z,TypeScript,10760,1000,13161,11122,85924
tailwindcss,tailwindlabs,2017-10-06T14:59:14Z,2025-02-24T09:19:18Z,TypeScript,2749,268,3989,3902,85894
Web-Dev-For-Beginners,microsoft,2020-11-10T02:44:00Z,2025-02-24T10:00:28Z,JavaScript,497,0,295,240,85172
rustdesk,rustdesk,2020-09-28T15:36:08Z,2025-02-24T10:13:05Z,Rust,3335,28,3300,3252,82693
django,django,2012-04-28T02:47:18Z,2025-02-24T10:02:22Z,Python,9537,0,0,0,82460
nvm,nvm-sh,2010-04-15T17:47:47Z,2025-02-24T09:56:58Z,Shell,725,68,2254,1954,82423
app-ideas,florinpop17,2019-02-25T18:36:56Z,2025-02-24T07:51:46Z,,149,0,169,43,82269
bitcoin,bitcoin,2010-12-19T15:16:43Z,2025-02-24T10:05:23Z,C++,14927,54,8409,8022,82145
svelte,sveltejs,2016-11-20T18:13:05Z,2025-02-24T09:48:17Z,JavaScript,5474,393,7977,7202,81523
ui,shadcn-ui,2023-01-04T12:43:27Z,2025-02-24T09:32:58Z,TypeScript,485,37,2807,2015,81521
animate.css,animate-css,2011-10-12T10:07:38Z,2025-02-24T05:03:32Z,CSS,315,22,873,841,81352
fastapi,fastapi,2018-12-08T08:21:47Z,2025-02-24T09:53:47Z,Python,2556,200,3463,3411,81285
realworld,gothinkster,2016-02-26T20:49:53Z,2025-02-24T09:58:37Z,TypeScript,433,0,539,495,81235
NextChat,ChatGPTNextWeb,2023-03-10T18:27:54Z,2025-02-24T10:13:13Z,TypeScript,869,76,3397,2821,81225
DeepSeek-R1,deepseek-ai,2025-01-20T11:57:28Z,2025-02-24T10:12:25Z,,7,0,410,157,80999
opencv,opencv,2012-07-19T09:40:17Z,2025-02-24T10:06:55Z,C++,12726,65,11010,8443,80727
gin,gin-gonic,2014-06-16T23:57:25Z,2025-02-24T10:13:06Z,Go,1046,26,2288,1647,80462
awesome-mac,jaywcjlove,2016-07-17T15:33:47Z,2025-02-24T09:18:31Z,JavaScript,946,10,452,342,79883
laravel,laravel,2011-06-08T03:06:08Z,2025-02-24T10:09:25Z,PHP,1608,182,0,0,79727
mall,macrozheng,2018-04-04T01:11:44Z,2025-02-24T10:12:57Z,Java,1,3,496,481,79185
hugo,gohugoio,2013-07-04T15:26:26Z,2025-02-24T09:14:32Z,Go,2783,315,7587,7140,78249
open-webui,open-webui,2023-10-06T22:08:27Z,2025-02-24T10:16:03Z,JavaScript,1722,92,4098,3939,78233
FiraCode,tonsky,2014-11-11T19:32:38Z,2025-02-24T10:11:56Z,Clojure,136,29,1344,944,78227
supabase,supabase,2019-10-12T05:56:49Z,2025-02-24T10:04:31Z,TypeScript,11179,19,4178,3867,77936
models,tensorflow,2016-02-05T01:15:20Z,2025-02-24T05:44:59Z,Python,2337,48,7295,6232,77402
advanced-java,doocs,2018-10-06T11:38:30Z,2025-02-24T08:36:24Z,Java,86,1,147,142,77064
whisper,openai,2022-09-16T20:02:54Z,2025-02-24T10:09:35Z,Python,110,12,0,0,76871
core,home-assistant,2013-09-17T07:29:48Z,2025-02-24T09:45:18Z,Python,69821,1000,57452,54547,76704
bun,oven-sh,2021-04-14T00:48:17Z,2025-02-24T10:04:24Z,Zig,4718,179,10732,6733,76389
spring-boot,spring-projects,2012-10-19T15:02:57Z,2025-02-24T09:04:35Z,Java,42,300,37137,36595,76244
mermaid,mermaid-js,2014-11-01T23:52:32Z,2025-02-24T10:02:01Z,TypeScript,2267,142,3137,2009,76060
LeetCodeAnimation,MisterBooo,2018-12-06T08:01:22Z,2025-02-24T07:39:45Z,Java,63,0,61,42,75713
v2rayN,2dust,2019-07-30T03:47:24Z,2025-02-24T09:36:46Z,C#,196,234,5374,5361,75491
manim,3b1b,2015-03-22T18:50:58Z,2025-02-24T10:16:04Z,Python,624,13,1188,751,75235
llama.cpp,ggml-org,2023-03-10T18:58:00Z,2025-02-24T10:13:54Z,C++,4110,1000,4586,4239,75127
Font-Awesome,FortAwesome,2012-02-17T14:19:43Z,2025-02-24T06:57:35Z,JavaScript,209,59,19579,15482,74686
json-server,typicode,2013-11-27T13:21:13Z,2025-02-24T08:13:50Z,JavaScript,121,38,1161,546,73690
netdata,netdata,2013-06-17T18:39:10Z,2025-02-24T09:37:42Z,C,9988,108,8021,7874,73590
awesome-interview-questions,DopplerHQ,2015-11-28T09:48:17Z,2025-02-24T10:12:12Z,,176,0,62,35,73373
awesome-vue,vuejs,2015-10-20T00:16:14Z,2025-02-24T09:58:42Z,,3544,0,223,189,72598
gpt4all,nomic-ai,2023-03-27T18:49:32Z,2025-02-24T09:54:36Z,C++,932,37,2123,1475,72586
awesome-for-beginners,MunGell,2015-10-24T19:53:36Z,2025-02-24T10:11:06Z,,432,0,171,166,71876
elasticsearch,elastic,2010-02-08T13:20:56Z,2025-02-24T09:19:27Z,Java,73583,171,38372,34363,71721
dify,langgenius,2023-04-12T07:40:24Z,2025-02-24T10:16:10Z,TypeScript,5006,119,6711,6316,71620
github-readme-stats,anuraghazra,2020-07-09T10:34:22Z,2025-02-24T09:41:57Z,JavaScript,1219,0,1271,1095,71605
generative-ai-for-beginners,microsoft,2023-06-19T16:28:59Z,2025-02-24T10:09:56Z,Jupyter Notebook,315,0,139,135,71354
ML-For-Beginners,microsoft,2021-03-03T01:34:05Z,2025-02-24T08:00:39Z,HTML,371,0,139,136,71198
funNLP,fighting41love,2018-08-21T11:20:39Z,2025-02-24T10:16:07Z,Python,14,0,78,47,71152
vite,vitejs,2020-04-21T05:03:57Z,2025-02-24T10:03:20Z,TypeScript,5110,524,7744,7300,70888
code-server,coder,2019-02-27T16:50:41Z,2025-02-24T09:59:36Z,TypeScript,1517,174,3603,3472,69957
stable-diffusion,CompVis,2022-08-10T14:36:44Z,2025-02-24T08:29:56Z,Jupyter Notebook,5,0,720,194,69683
Front-End-Checklist,thedaviddias,2017-10-16T10:12:36Z,2025-02-24T08:39:03Z,,179,1,148,148,69607
playwright,microsoft,2019-11-15T18:32:42Z,2025-02-24T09:34:58Z,TypeScript,14059,141,15340,14619,69598
nest,nestjs,2017-02-04T20:12:52Z,2025-02-24T09:36:21Z,TypeScript,6824,112,5534,5504,69560
moby,moby,2013-01-18T18:10:57Z,2025-02-24T09:27:19Z,Go,20734,212,22833,19709,69234
HowToCook,Anduin2017,2020-02-29T10:43:49Z,2025-02-24T09:20:52Z,Dockerfile,519,3,677,300,69218
flask,pallets,2010-04-06T11:11:59Z,2025-02-24T09:54:49Z,Python,1590,35,2667,2665,68882
system-design-101,ByteByteGoHq,2023-09-18T20:52:03Z,2025-02-24T10:13:32Z,,21,0,50,15,68590
node,base,2023-02-01T13:55:02Z,2025-02-24T05:31:34Z,Shell,141,43,207,158,68562
screenshot-to-code,abi,2023-11-14T17:53:32Z,2025-02-24T10:15:55Z,Python,45,0,367,274,68537
hoppscotch,hoppscotch,2019-08-21T13:15:24Z,2025-02-24T09:24:53Z,TypeScript,1662,64,1793,1286,68414
reveal.js,hakimel,2011-06-07T18:54:22Z,2025-02-24T09:20:06Z,JavaScript,405,47,2431,1677,68404
ComfyUI,comfyanonymous,2023-01-17T03:15:56Z,2025-02-24T10:12:34Z,Python,661,37,4629,2675,68306
devops-exercises,bregman-arie,2019-10-03T17:31:21Z,2025-02-24T10:09:24Z,Python,282,0,92,61,68225
fzf,junegunn,2013-10-23T16:04:23Z,2025-02-24T10:01:10Z,Go,563,60,2891,2653,68199
cs-video-courses,Developer-Y,2016-10-21T17:02:11Z,2025-02-24T08:47:10Z,,166,0,145,143,68178
swift,swiftlang,2015-10-23T21:15:07Z,2025-02-24T06:59:28Z,C++,52336,57,16077,9070,68150
redis,redis,2009-03-21T22:32:25Z,2025-02-24T09:40:37Z,C,3950,78,6626,4546,68082
syncthing,syncthing,2013-11-26T09:48:21Z,2025-02-24T10:11:21Z,Go,2608,396,5588,5217,67840
gpt_academic,binary-husky,2023-03-20T09:05:13Z,2025-02-24T09:05:33Z,Python,221,32,1705,1464,67662
awesome-machine-learning,josephmisiti,2014-07-15T19:11:19Z,2025-02-24T10:05:31Z,Python,849,0,91,91,67035
awesome-react,enaqx,2014-08-06T05:31:44Z,2025-02-24T08:48:06Z,,779,0,108,107,66933
protobuf,protocolbuffers,2014-08-26T15:52:15Z,2025-02-24T10:10:24Z,C++,6805,180,6432,6229,66677
grafana,grafana,2013-12-11T15:59:56Z,2025-02-24T10:03:39Z,TypeScript,51106,495,38991,35118,66625
express,expressjs,2009-06-26T18:56:01Z,2025-02-24T07:43:04Z,JavaScript,410,159,3936,3833,66367
Best-websites-a-programmer-should-visit,sdmg15,2017-03-05T20:25:17Z,2025-02-24T02:46:09Z,,428,0,170,101,66079
d2l-zh,d2l-ai,2017-08-23T04:40:24Z,2025-02-24T10:07:08Z,Python,1019,16,0,0,66044
cpython,python,2017-02-10T19:23:51Z,2025-02-24T08:21:38Z,Python,48456,0,71154,63942,65444
Chart.js,chartjs,2013-03-17T23:56:36Z,2025-02-24T08:36:50Z,JavaScript,2983,114,7230,6788,65376
strapi,strapi,2015-09-30T15:34:48Z,2025-02-24T09:58:30Z,TypeScript,8751,443,10492,9593,65175
Ventoy,ventoy,2020-03-10T15:19:19Z,2025-02-24T09:57:00Z,C,280,102,2383,1576,65073
webpack,webpack,2012-03-10T10:08:14Z,2025-02-24T03:58:21Z,JavaScript,4843,421,10002,9879,65056
uptime-kuma,louislam,2021-07-03T01:02:42Z,2025-02-24T10:03:20Z,JavaScript,1218,109,3891,3179,64921
tesseract,tesseract-ocr,2014-08-12T18:04:59Z,2025-02-24T10:13:32Z,C++,1402,33,2681,2273,64809
33-js-concepts,leonardomso,2018-09-04T13:27:04Z,2025-02-24T10:13:39Z,JavaScript,250,0,102,81,64697
superset,apache,2015-07-21T18:55:34Z,2025-02-24T08:19:29Z,TypeScript,13886,219,11107,10344,64624
ansible,ansible,2012-03-06T14:58:02Z,2025-02-24T08:48:50Z,Python,38719,131,32729,32187,64134
interviews,kdn251,2017-02-14T18:19:25Z,2025-02-24T06:14:35Z,Java,42,0,53,23,63948
gpt4free,xtekky,2023-03-29T17:00:43Z,2025-02-24T10:03:58Z,Python,727,249,1609,1552,63658
javascript-questions,lydiahallie,2019-06-12T08:26:27Z,2025-02-24T09:54:08Z,,328,0,245,233,63447
PayloadsAllTheThings,swisskyrepo,2016-10-18T07:29:07Z,2025-02-24T09:35:18Z,Python,539,4,0,0,63386
imgui,ocornut,2014-07-21T14:29:47Z,2025-02-24T10:07:09Z,C++,383,108,6216,5267,63376
the-algorithm,twitter,2023-03-27T14:57:57Z,2025-02-24T10:13:16Z,Scala,2,0,988,723,62949
sherlock,sherlock-project,2018-12-24T14:30:48Z,2025-02-24T10:08:38Z,Python,639,1,1018,945,62629
keras,keras-team,2015-03-28T00:35:42Z,2025-02-24T01:27:46Z,Python,3930,73,12357,12134,62608
n8n,n8n-io,2019-06-22T09:24:21Z,2025-02-24T10:15:32Z,TypeScript,8714,291,2599,2164,62558
sway,FuelLabs,2021-01-19T20:54:33Z,2025-02-24T06:46:58Z,Rust,3281,162,3185,2352,62450
obs-studio,obsproject,2013-10-01T02:40:31Z,2025-02-24T09:29:14Z,C,4994,214,4325,3751,62435
resume.github.com,resume,2011-02-06T13:39:55Z,2025-02-24T08:35:17Z,JavaScript,84,0,119,64,62266
awesome-public-datasets,awesomedata,2014-11-20T06:20:50Z,2025-02-24T09:36:06Z,,188,1,118,48,62115
tabby,Eugeny,2016-12-23T09:06:10Z,2025-02-24T08:22:11Z,TypeScript,1474,195,5418,3300,62046
awesome-cpp,fffaraz,2014-07-17T08:51:11Z,2025-02-24T10:04:21Z,,772,0,576,232,61998
openai-cookbook,openai,2022-03-11T02:08:53Z,2025-02-24T10:01:57Z,MDX,673,0,515,482,61986
echarts,apache,2013-04-03T03:18:59Z,2025-02-24T08:16:47Z,TypeScript,1353,118,18764,16732,61956
caddy,caddyserver,2015-01-13T19:45:03Z,2025-02-24T09:55:00Z,Go,2041,123,4143,4008,61851
socket.io,socketio,2010-03-11T18:24:48Z,2025-02-24T08:00:49Z,TypeScript,435,75,3585,3416,61659
nocode,kelseyhightower,2018-02-06T23:54:00Z,2025-02-24T09:36:31Z,Dockerfile,1,1,4739,693,61602
scikit-learn,scikit-learn,2010-08-17T09:43:38Z,2025-02-24T09:13:08Z,Python,12902,45,11390,9826,61213
redux,reduxjs,2015-05-29T23:53:15Z,2025-02-24T09:16:39Z,TypeScript,1708,78,2054,2018,61070
SecLists,danielmiessler,2012-02-19T01:30:18Z,2025-02-24T10:04:21Z,PHP,657,27,276,274,60948
Java,TheAlgorithms,2016-07-16T10:21:02Z,2025-02-24T09:03:05Z,Java,1846,0,1073,1070,60911
AppFlowy,AppFlowy-IO,2021-06-16T12:56:48Z,2025-02-24T10:00:32Z,Dart,3497,98,3304,2410,60879
Apollo-11,chrislgarry,2014-04-03T15:45:02Z,2025-02-24T10:13:55Z,Assembly,341,0,381,324,60644
awesome-scalability,binhnguyennus,2017-12-27T03:46:40Z,2025-02-24T10:10:50Z,,36,0,0,0,60596
cs-self-learning,PKUFlyingPig,2021-10-20T13:43:42Z,2025-02-24T10:09:35Z,HTML,269,4,190,98,60564
atom,atom,2012-01-20T18:18:21Z,2025-02-24T09:57:28Z,JavaScript,3937,538,17112,16149,60342
lodash,lodash,2012-04-07T04:11:46Z,2025-02-24T06:33:19Z,JavaScript,581,2,4292,4224,60172
architect-awesome,xingshaocheng,2018-04-06T13:30:58Z,2025-02-24T10:13:45Z,,49,0,71,22,60027
Front-end-Developer-Interview-Questions,h5bp,2012-02-09T23:34:10Z,2025-02-24T08:56:16Z,Nunjucks,484,0,176,142,59988
design-resources-for-developers,bradtraversy,2020-05-06T14:40:35Z,2025-02-24T04:25:31Z,,939,0,100,100,59976
markdown-here,adam-p,2012-05-13T03:27:22Z,2025-02-24T05:08:13Z,JavaScript,25,14,624,319,59811
awesome-nodejs,sindresorhus,2014-07-11T13:35:34Z,2025-02-24T09:34:43Z,,414,0,102,100,59695
jquery,jquery,2009-04-03T15:20:14Z,2025-02-24T07:05:56Z,JavaScript,784,10,2347,2267,59409
awesome-courses,prakhar1989,2014-11-15T18:36:49Z,2025-02-24T09:39:04Z,,194,0,79,39,59113
new-pac,Alvin9999,2016-03-23T08:43:36Z,2025-02-24T10:15:17Z,Python,0,0,1705,1284,58848
immich,immich-app,2022-02-03T15:56:27Z,2025-02-24T09:59:16Z,TypeScript,5529,233,4818,4375,58787
angular.js,angular,2010-01-06T00:34:37Z,2025-02-24T01:55:51Z,JavaScript,789,0,9038,8647,58760
annotated_deep_learning_paper_implementations,labmlai,2020-08-25T02:29:34Z,2025-02-24T09:59:47Z,Python,102,0,135,105,58738
shadowsocks-windows,shadowsocks,2013-01-14T07:54:16Z,2025-02-24T08:50:48Z,C#,290,55,2922,2743,58623
docusaurus,facebook,2017-06-20T16:13:53Z,2025-02-24T08:24:43Z,TypeScript,5343,149,3204,2919,58466
open-interpreter,OpenInterpreter,2023-07-14T07:10:44Z,2025-02-24T09:46:19Z,Python,367,48,1001,792,58439
localsend,localsend,2022-12-16T00:46:07Z,2025-02-24T09:53:05Z,Dart,651,24,1192,600,57981
act,nektos,2019-01-02T19:53:43Z,2025-02-24T08:49:02Z,Go,1004,82,1211,1017,57974
localstack,localstack,2016-10-25T23:48:03Z,2025-02-24T08:27:47Z,Python,5723,88,5828,5563,57809
fuel-core,FuelLabs,2020-08-27T21:12:14Z,2025-02-23T20:53:12Z,Rust,1376,113,1012,867,57791
alacritty,alacritty,2016-02-18T05:02:30Z,2025-02-24T10:05:53Z,Rust,1860,101,5999,5682,57752
llama,meta-llama,2023-02-14T09:29:12Z,2025-02-24T09:24:59Z,Python,54,0,1068,647,57704
spring-framework,spring-projects,2010-12-08T04:04:45Z,2025-02-24T09:18:05Z,Java,851,324,26459,26200,57385
prometheus,prometheus,2012-11-24T11:14:12Z,2025-02-24T09:44:17Z,Go,7129,327,5923,5394,57381
lazygit,jesseduffield,2018-05-19T00:53:06Z,2025-02-24T09:59:25Z,Go,1497,158,2110,1371,56945
html5-boilerplate,h5bp,2010-01-24T18:03:24Z,2025-02-24T07:58:50Z,JavaScript,773,34,1349,1343,56798
rustlings,rust-lang,2015-09-15T02:25:18Z,2025-02-24T07:47:54Z,Rust,904,45,701,667,56525
rails,rails,2008-04-11T02:19:47Z,2025-02-24T09:11:24Z,Ruby,24693,145,17989,17480,56509
nerd-fonts,ryanoasis,2014-12-05T04:31:17Z,2025-02-24T09:30:56Z,CSS,521,37,1033,1019,56494
nuxt,nuxt,2016-10-26T11:18:47Z,2025-02-24T09:53:50Z,TypeScript,6155,234,15897,15058,56229
lobe-chat,lobehub,2023-05-21T07:19:12Z,2025-02-24T10:11:52Z,TypeScript,1812,1000,3192,2661,56112
gatsby,gatsbyjs,2015-05-21T22:43:05Z,2025-02-24T07:08:05Z,JavaScript,18147,149,14089,13882,55752
DeepLearning-500-questions,scutan90,2018-06-27T06:36:45Z,2025-02-24T09:56:48Z,JavaScript,302,0,191,81,55434
private-gpt,zylon-ai,2023-05-02T09:15:31Z,2025-02-24T09:51:11Z,Python,226,10,1200,961,55298
you-get,soimort,2012-08-20T15:53:36Z,2025-02-24T10:02:49Z,Python,582,123,0,0,55106
leetcode,azl397985856,2018-03-30T09:13:51Z,2025-02-24T09:13:26Z,JavaScript,257,40,257,248,55060
awesome-flutter,Solido,2017-05-07T11:45:27Z,2025-02-24T08:50:58Z,Dart,444,0,0,0,54872
ghidra,NationalSecurityAgency,2019-03-01T03:27:48Z,2025-02-24T10:10:53Z,Java,496,42,5176,3737,54710
zed,zed-industries,2021-02-20T03:01:06Z,2025-02-24T09:52:20Z,Rust,10972,728,10963,8105,54708
awesome-chatgpt-prompts-zh,PlexPt,2022-12-12T01:55:03Z,2025-02-24T10:13:18Z,,33,0,96,58,54330
scrapy,scrapy,2010-02-22T02:01:14Z,2025-02-24T09:15:50Z,Python,2253,39,3092,2656,54295
face_recognition,ageitgey,2017-03-03T21:52:39Z,2025-02-24T07:32:22Z,Python,94,2,1353,594,54194
element,ElemeFE,2016-09-03T06:19:26Z,2025-02-24T09:45:07Z,Vue,3231,145,17810,15251,54187
react-router,remix-run,2014-05-16T22:22:51Z,2025-02-24T04:12:47Z,TypeScript,2738,293,7829,7627,54117
leetcode-master,youngyangyang04,2019-12-14T12:05:42Z,2025-02-24T09:36:03Z,Shell,2290,0,249,64,54113
tldr,tldr-pages,2013-12-08T07:34:43Z,2025-02-24T10:08:03Z,Markdown,12929,5,1416,1240,53772
ChatGPT,lencx,2022-12-07T09:43:02Z,2025-02-24T08:53:14Z,Rust,123,34,1130,350,53638
git,git,2008-07-23T14:21:26Z,2025-02-24T09:14:31Z,C,3,0,0,0,53613
Prompt-Engineering-Guide,dair-ai,2022-12-16T16:04:50Z,2025-02-24T10:13:32Z,MDX,302,0,207,70,53589
Real-Time-Voice-Cloning,CorentinJ,2019-05-26T08:56:15Z,2025-02-24T07:22:05Z,Python,48,0,1088,890,53578
traefik,traefik,2015-09-13T19:04:02Z,2025-02-24T09:23:18Z,Go,4495,459,6159,5539,53382
faceswap,deepfakes,2017-12-19T09:44:13Z,2025-02-24T09:40:11Z,Python,357,4,873,844,53326
gpt-engineer,AntonOsika,2023-04-29T12:52:15Z,2025-02-24T08:48:21Z,Python,351,20,488,469,53165
normalize.css,necolas,2011-05-04T10:20:25Z,2025-02-24T05:37:26Z,CSS,56,0,512,461,52805
weekly,ruanyf,2018-10-13T12:36:07Z,2025-02-24T10:11:44Z,,93,0,5879,937,52674
drawio-desktop,jgraph,2017-05-25T20:58:42Z,2025-02-24T10:11:12Z,JavaScript,20,150,1531,1451,52651
openpilot,commaai,2016-11-24T01:33:30Z,2025-02-24T08:01:51Z,Python,10892,55,2886,2775,52635
requests,psf,2011-02-13T18:38:17Z,2025-02-24T03:45:14Z,Python,1567,12,4012,3823,52546
yolov5,ultralytics,2020-05-18T03:45:11Z,2025-02-24T08:51:20Z,Python,2178,10,9361,9159,52516
mkcert,FiloSottile,2018-06-25T05:33:03Z,2025-02-24T09:29:12Z,Go,52,14,340,239,52392
nocodb,nocodb,2017-10-29T18:51:48Z,2025-02-24T10:02:36Z,TypeScript,4399,162,3810,3202,52256
Stirling-PDF,Stirling-Tools,2023-01-27T18:22:42Z,2025-02-24T09:35:57Z,Java,1499,112,1110,912,51938
hackingtool,Z4nzu,2020-04-11T09:21:31Z,2025-02-24T10:15:29Z,Python,55,0,364,318,51670
awesome-android-ui,wasabeef,2014-12-24T01:45:03Z,2025-02-24T08:50:59Z,,90,0,109,93,51623
ionic-framework,ionic-team,2013-08-20T23:06:02Z,2025-02-24T09:28:39Z,TypeScript,6041,889,21908,21373,51472
bat,sharkdp,2018-04-21T10:52:23Z,2025-02-24T09:54:48Z,Rust,1387,41,1451,1153,51255
Semantic-UI,Semantic-Org,2013-04-08T23:32:04Z,2025-02-23T22:29:58Z,JavaScript,357,154,6233,5266,51155
material-design-icons,google,2014-10-08T18:01:28Z,2025-02-24T10:16:11Z,,48,16,1484,1145,51146
project-layout,golang-standards,2017-09-09T16:33:26Z,2025-02-24T10:10:22Z,Makefile,91,0,110,44,51144
Magisk,topjohnwu,2016-09-08T12:42:53Z,2025-02-24T09:42:56Z,C++,1533,143,6031,6001,51080
anime,juliangarnier,2016-03-13T21:37:45Z,2025-02-24T07:04:08Z,JavaScript,72,15,720,509,50922
rich,Textualize,2019-11-10T15:28:09Z,2025-02-24T08:36:50Z,Python,806,168,1364,1168,50876
pi-hole,pi-hole,2014-06-08T15:02:55Z,2025-02-24T09:50:53Z,Shell,1983,111,2931,2894,50544
guava,google,2014-05-29T16:23:17Z,2025-02-24T10:09:16Z,Java,827,48,3600,2970,50543
ripgrep,BurntSushi,2016-03-11T02:02:33Z,2025-02-24T10:07:29Z,Rust,510,72,1661,1544,50476
zustand,pmndrs,2019-04-09T09:10:06Z,2025-02-24T10:14:53Z,TypeScript,744,92,686,683,50442
minio,minio,2015-01-14T19:23:58Z,2025-02-24T09:31:49Z,Go,9753,510,7622,7597,50363
grok-1,xai-org,2024-03-17T08:53:38Z,2025-02-24T09:40:50Z,Python,5,0,220,140,50124
kotlin,JetBrains,2012-02-13T17:29:58Z,2025-02-24T10:16:02Z,Kotlin,2063,248,0,0,50057
prettier,prettier,2016-11-29T17:13:37Z,2025-02-24T06:21:30Z,JavaScript,8465,123,6789,5599,50010
uBlock,gorhill,2015-04-01T17:51:11Z,2025-02-24T10:04:33Z,JavaScript,247,273,3445,3433,49889
pdf.js,mozilla,2011-04-26T06:32:03Z,2025-02-24T09:08:26Z,JavaScript,7779,70,10088,9703,49816
Docker-OSX,sickcodes,2020-06-04T11:01:37Z,2025-02-24T09:03:48Z,Shell,105,0,646,275,49775
github-cheat-sheet,tiimgreen,2014-04-12T16:38:42Z,2025-02-24T08:51:10Z,,129,0,70,48,49663
jekyll,jekyll,2008-10-20T06:29:03Z,2025-02-24T10:07:23Z,Ruby,3178,112,4871,4765,49650
dive,wagoodman,2018-05-13T15:44:01Z,2025-02-24T10:05:29Z,Go,141,26,337,167,49605
bulma,jgthms,2016-01-23T23:48:34Z,2025-02-24T08:11:14Z,CSS,638,21,2694,2380,49598
meilisearch,meilisearch,2018-04-23T11:45:28Z,2025-02-24T07:44:57Z,Rust,1927,240,2134,1950,49391
astro,withastro,2021-03-15T17:19:47Z,2025-02-24T10:09:18Z,TypeScript,6836,1000,5191,5045,49340
DefinitelyTyped,DefinitelyTyped,2012-10-05T16:39:45Z,2025-02-24T10:05:25Z,TypeScript,51047,1,8078,7514,49252
langflow,langflow-ai,2023-02-08T22:28:03Z,2025-02-24T09:49:56Z,Python,3371,249,1973,1668,49231
rclone,rclone,2014-03-16T16:19:57Z,2025-02-24T09:41:00Z,Go,2010,108,5623,4681,49021
segment-anything,facebookresearch,2023-03-23T17:03:03Z,2025-02-24T08:30:30Z,Jupyter Notebook,16,0,686,172,49006
core,vuejs,2018-06-12T13:49:36Z,2025-02-24T08:34:00Z,TypeScript,2961,238,5528,4878,48898
awesome-rust,rust-unofficial,2014-07-17T10:45:10Z,2025-02-24T09:51:55Z,Rust,1479,0,136,126,48856
trackerslist,ngosang,2016-04-24T11:57:57Z,2025-02-24T10:05:02Z,,1,0,463,456,48771
chinese-poetry,chinese-poetry,2016-09-02T03:32:25Z,2025-02-24T07:37:29Z,JavaScript,135,1,205,91,48728
marktext,marktext,2017-11-12T16:05:25Z,2025-02-24T09:36:43Z,JavaScript,939,36,2838,1629,48642
Ghost,TryGhost,2013-05-04T11:09:13Z,2025-02-24T10:13:06Z,JavaScript,12277,846,6997,6952,48494
etcd,etcd-io,2013-07-06T21:57:21Z,2025-02-24T05:18:51Z,Go,9193,243,6797,6510,48474
go-ethereum,ethereum,2013-12-26T13:05:46Z,2025-02-24T10:05:24Z,Go,7781,207,8238,8049,48442
awesome-ios,vsouza,2014-07-10T16:03:45Z,2025-02-24T08:52:57Z,Swift,2233,0,485,485,48289
cypress,cypress-io,2015-03-04T00:46:28Z,2025-02-24T07:32:05Z,TypeScript,6630,358,14786,13398,48256
clash-verge-rev,clash-verge-rev,2023-11-21T18:24:03Z,2025-02-24T10:16:18Z,TypeScript,136,42,2425,2248,48202
moment,moment,2011-03-01T02:46:06Z,2025-02-23T17:24:46Z,JavaScript,714,0,4137,3905,48073
RxJava,ReactiveX,2013-01-08T20:11:48Z,2025-02-24T08:21:52Z,Java,3294,235,3167,3156,48026
powerlevel10k,romkatv,2019-02-24T19:09:45Z,2025-02-24T10:00:35Z,Shell,167,33,2529,2446,48018
hacker-scripts,NARKOZ,2015-11-21T19:05:09Z,2025-02-24T06:07:02Z,JavaScript,63,0,87,52,48002
FFmpeg,FFmpeg,2011-04-14T14:12:38Z,2025-02-24T09:50:11Z,C,16,0,0,0,47973
joplin,laurent22,2017-01-16T21:49:41Z,2025-02-24T09:32:26Z,TypeScript,3837,369,6818,6345,47846
mastodon,mastodon,2016-02-22T15:01:25Z,2025-02-24T09:57:10Z,Ruby,16597,262,11802,7903,47810
OpenHands,All-Hands-AI,2024-03-13T03:33:31Z,2025-02-24T10:10:47Z,Python,3441,42,2266,2024,47570
hiring-without-whiteboards,poteto,2017-03-15T05:09:01Z,2025-02-24T08:32:45Z,JavaScript,1297,0,0,0,47510
MetaGPT,geekan,2023-06-30T09:04:55Z,2025-02-24T10:14:44Z,Python,646,21,771,721,47509
dayjs,iamkun,2018-04-10T09:26:44Z,2025-02-24T05:48:50Z,JavaScript,695,119,1716,840,47476
appwrite,appwrite,2019-04-08T16:36:25Z,2025-02-24T06:34:59Z,TypeScript,3326,104,3839,3259,47356
professional-programming,charlax,2015-11-07T05:07:52Z,2025-02-24T09:37:30Z,Python,38,0,28,28,47347
gitea,go-gitea,2016-11-01T02:13:26Z,2025-02-24T08:40:51Z,Go,16988,205,14179,11632,47266
starship,starship,2019-04-02T03:23:12Z,2025-02-24T09:45:33Z,Rust,2784,134,2380,1722,47213
ImHex,WerWolv,2020-11-10T14:27:00Z,2025-02-24T10:15:25Z,C++,594,76,1277,1070,47197
algorithm-visualizer,algorithm-visualizer,2016-05-15T00:27:45Z,2025-02-24T02:14:56Z,JavaScript,183,0,114,75,47150
first-contributions,firstcontributions,2016-09-20T14:35:09Z,2025-02-24T10:09:31Z,,79731,0,857,830,46989
big-list-of-naughty-strings,minimaxir,2015-08-08T20:57:20Z,2025-02-24T05:37:25Z,Python,90,0,101,32,46974
llm-course,mlabonne,2023-06-17T22:16:25Z,2025-02-24T09:28:12Z,Jupyter Notebook,1,0,74,27,46918
awesome-wechat-weapp,justjavac,2016-09-22T20:04:48Z,2025-02-24T09:43:54Z,,277,0,0,0,46783
Motrix,agalwood,2018-12-18T11:45:05Z,2025-02-24T07:52:12Z,JavaScript,192,21,1325,589,46728
PaddleOCR,PaddlePaddle,2020-05-08T10:38:16Z,2025-02-24T10:13:33Z,Python,2597,16,9445,9417,46694
serverless,serverless,2015-04-21T03:48:40Z,2025-02-24T09:16:53Z,JavaScript,4721,431,6447,5319,46602
PowerShell,PowerShell,2016-01-13T23:41:35Z,2025-02-24T08:36:27Z,C#,7284,181,12698,11706,46549
alist,AlistGo,2020-12-23T17:40:29Z,2025-02-24T10:13:13Z,Go,778,124,3974,3612,46549
100-Days-Of-ML-Code,Avik-Jain,2018-07-05T09:11:43Z,2025-02-24T08:13:19Z,,6,0,0,0,46475
julia,JuliaLang,2011-04-21T07:01:50Z,2025-02-24T09:29:14Z,Julia,24932,171,24715,20722,46466
okhttp,square,2012-07-23T13:42:55Z,2025-02-24T07:16:44Z,Kotlin,3518,0,4115,3970,46160
design-patterns-for-humans,kamranahmedse,2017-02-16T21:24:39Z,2025-02-24T09:32:50Z,,50,0,52,47,46000
react,typescript-cheatsheets,2018-06-02T04:08:16Z,2025-02-24T05:36:42Z,JavaScript,370,0,216,212,45955
AFFiNE,toeverything,2022-07-31T18:45:21Z,2025-02-24T10:03:10Z,TypeScript,6433,427,2445,2105,45941
learn-regex,ziishaned,2017-07-22T12:21:03Z,2025-02-24T08:58:00Z,,124,0,86,35,45904
Projects,karan,2013-07-04T13:37:27Z,2025-02-24T09:13:31Z,,19,0,74,33,45813
v2ray-core,v2ray,2015-09-04T11:42:53Z,2025-02-24T07:43:20Z,Go,203,247,2584,2576,45780
gogs,gogs,2014-02-12T01:57:08Z,2025-02-24T08:08:52Z,Go,1739,82,5120,4216,45509
x64dbg,x64dbg,2015-04-11T20:48:23Z,2025-02-24T09:34:20Z,C++,698,2,2541,1918,45477
huginn,huginn,2013-03-10T06:00:31Z,2025-02-24T07:03:15Z,Ruby,1041,1,2154,1568,44987
architecture-samples,android,2016-02-05T13:42:07Z,2025-02-23T19:07:06Z,Kotlin,231,0,480,346,44784
30-Days-Of-Python,Asabeneh,2019-11-19T17:24:16Z,2025-02-24T10:04:09Z,Python,55,0,128,75,44727
quill,slab,2012-07-30T23:23:18Z,2025-02-24T09:55:21Z,TypeScript,379,95,3709,3262,44686
pandas,pandas-dev,2010-08-24T01:37:33Z,2025-02-24T10:07:08Z,Python,26502,109,27216,23599,44667
pixijs,pixijs,2013-01-21T22:40:50Z,2025-02-24T09:57:56Z,TypeScript,3569,283,5836,5461,44592
meteor,meteor,2012-01-19T01:58:17Z,2025-02-24T01:55:52Z,JavaScript,2398,0,9153,8879,44571
jest,jestjs,2013-12-10T00:18:04Z,2025-02-24T02:50:04Z,TypeScript,5593,203,7991,7720,44542
json,nlohmann,2013-07-04T08:47:49Z,2025-02-24T10:06:45Z,C++,807,44,2283,2233,44497
type-challenges,type-challenges,2020-07-23T14:33:11Z,2025-02-24T10:04:07Z,TypeScript,574,0,35003,3643,44473
AdminLTE,ColorlibHQ,2013-12-25T02:52:40Z,2025-02-24T10:10:11Z,Astro,1539,75,2863,2734,44360
terraform,hashicorp,2014-03-13T22:25:48Z,2025-02-24T09:45:29Z,Go,12206,349,21259,19451,44231
Deep-Live-Cam,hacksider,2023-09-24T13:19:31Z,2025-02-24T10:07:57Z,Python,69,4,646,634,44148
open-source-ios-apps,dkhamsing,2015-01-26T23:32:34Z,2025-02-24T09:09:15Z,,1250,37,300,300,44031
30-Days-Of-JavaScript,Asabeneh,2019-12-23T14:07:40Z,2025-02-24T05:44:50Z,JavaScript,98,0,168,59,43981
PythonDataScienceHandbook,jakevdp,2016-08-10T14:24:36Z,2025-02-24T10:13:17Z,Jupyter Notebook,28,0,199,78,43933
query,TanStack,2019-09-10T19:23:58Z,2025-02-24T05:36:45Z,TypeScript,2452,1000,2030,1981,43919
pocketbase,pocketbase,2022-07-05T06:06:21Z,2025-02-24T09:46:15Z,Go,49,195,1720,1699,43902
fuels-ts,FuelLabs,2021-09-03T18:11:03Z,2025-02-24T08:29:14Z,TypeScript,1857,143,1400,1317,43899
fuels-rs,FuelLabs,2021-10-31T22:33:54Z,2025-02-23T18:17:54Z,Rust,858,110,635,551,43890
hyper,vercel,2016-07-01T06:01:21Z,2025-02-24T09:12:26Z,TypeScript,3291,88,3787,2868,43730
parcel,parcel-bundler,2017-08-07T16:36:47Z,2025-02-24T04:18:42Z,JavaScript,2578,39,5417,4903,43678
htmx,bigskysoftware,2020-04-13T16:17:51Z,2025-02-24T07:12:47Z,JavaScript,872,24,1488,932,43673
awesome-react-components,brillout,2016-06-24T15:19:33Z,2025-02-24T08:41:39Z,,324,0,51,44,43639
zx,google,2021-05-05T05:50:01Z,2025-02-24T09:14:24Z,JavaScript,375,79,465,454,43631
TensorFlow-Examples,aymericdamien,2015-11-11T14:21:19Z,2025-02-22T23:51:46Z,Jupyter Notebook,88,0,236,70,43538
build-web-application-with-golang,astaxie,2012-08-02T11:49:35Z,2025-02-24T09:12:18Z,Go,757,0,302,182,43440
babel,babel,2014-09-28T13:38:23Z,2025-02-24T03:11:40Z,TypeScript,6062,426,8919,8290,43428
Fooocus,lllyasviel,2023-08-09T18:43:40Z,2025-02-24T09:57:49Z,Python,447,21,1566,1366,43397
retrofit,square,2010-09-06T21:39:43Z,2025-02-24T05:27:24Z,HTML,1048,2,2731,2608,43326
CppCoreGuidelines,isocpp,2015-08-19T20:22:52Z,2025-02-24T08:29:53Z,CSS,807,4,1196,951,43313
discourse,discourse,2013-01-12T00:25:55Z,2025-02-24T08:54:58Z,Ruby,27437,0,0,0,43308
frontend-dev-bookmarks,dypsilon,2013-06-22T13:23:55Z,2025-02-24T08:38:36Z,,129,1,107,82,43269
jadx,skylot,2013-03-18T17:08:21Z,2025-02-24T10:08:27Z,Java,525,30,1799,1388,42926
open-source-mac-os-apps,serhii-londar,2017-11-03T02:35:33Z,2025-02-24T08:38:38Z,,523,0,206,158,42881
awesome-java,akullpp,2014-07-09T10:12:43Z,2025-02-24T09:51:09Z,,691,0,135,133,42851
text-generation-webui,oobabooga,2022-12-21T04:17:37Z,2025-02-24T09:41:43Z,Python,1076,58,3798,3587,42620
brew,Homebrew,2016-03-06T05:08:38Z,2025-02-24T09:12:19Z,Ruby,12090,411,4626,4553,42606
react-use,streamich,2018-10-27T10:16:05Z,2025-02-24T09:41:53Z,TypeScript,1520,256,587,244,42560
grpc,grpc,2014-12-08T18:58:53Z,2025-02-24T10:05:26Z,C++,19591,338,11600,10926,42500
react-hook-form,react-hook-form,2019-03-05T23:47:10Z,2025-02-24T09:39:22Z,TypeScript,1995,564,4643,4605,42499
lx-music-desktop,lyswhut,2019-08-14T14:31:08Z,2025-02-24T09:39:37Z,TypeScript,78,109,1999,1183,42454
kubernetes-the-hard-way,kelseyhightower,2016-07-07T14:15:27Z,2025-02-24T10:16:00Z,,71,0,421,300,42424
front-end-interview-handbook,yangshun,2018-01-13T19:40:08Z,2025-02-24T09:51:23Z,MDX,310,0,100,87,42385
lazydocker,jesseduffield,2019-05-18T08:53:50Z,2025-02-24T10:07:52Z,Go,186,42,342,185,42240
Leaflet,Leaflet,2010-09-22T16:57:44Z,2025-02-24T03:21:14Z,JavaScript,2998,31,5220,4806,42124
vaultwarden,dani-garcia,2018-02-17T22:40:20Z,2025-02-24T09:27:49Z,Rust,913,69,2207,2196,42025
Rocket.Chat,RocketChat,2015-05-19T07:36:09Z,2025-02-24T07:52:15Z,TypeScript,13571,1000,16135,13607,42027
git-flight-rules,k88hudson,2014-07-22T20:35:09Z,2025-02-24T03:55:02Z,,224,0,73,55,42010
pm2,Unitech,2013-05-21T03:25:25Z,2025-02-24T06:46:56Z,JavaScript,550,124,5037,4073,41936
dbeaver,dbeaver,2015-10-21T08:26:28Z,2025-02-24T10:00:49Z,Java,5539,218,18453,15615,41885
awesome-cheatsheets,LeCoupa,2017-11-09T02:47:15Z,2025-02-24T04:48:49Z,JavaScript,169,0,92,57,41698
Alamofire,Alamofire,2014-07-31T05:56:19Z,2025-02-24T05:42:09Z,Swift,650,102,2780,2743,41698
LLaMA-Factory,hiyouga,2023-05-28T10:09:12Z,2025-02-24T10:11:29Z,Python,395,32,5991,5693,41644
edex-ui,GitSquared,2017-01-28T09:35:02Z,2025-02-24T06:31:44Z,JavaScript,399,29,559,553,41635
JeecgBoot,jeecgboot,2018-11-26T10:40:00Z,2025-02-24T10:16:21Z,Java,88,53,6796,6758,41623
monaco-editor,microsoft,2016-06-07T16:56:31Z,2025-02-24T06:54:05Z,JavaScript,463,91,3751,3134,41515
yarn,yarnpkg,2016-01-19T17:39:16Z,2025-02-24T05:37:26Z,JavaScript,1654,152,6597,4730,41504
awesome-design-patterns,DovAmir,2018-06-04T17:47:48Z,2025-02-23T23:18:36Z,,31,0,15,5,41363
acme.sh,acmesh-official,2015-12-26T12:56:33Z,2025-02-24T09:59:25Z,Shell,1375,44,3182,2171,41276
prisma,prisma,2019-06-20T13:33:47Z,2025-02-24T10:11:44Z,TypeScript,5749,209,10884,8678,41262
FreeDomain,DigitalPlatDev,2024-05-30T13:23:00Z,2025-02-24T09:08:33Z,HTML,0,0,0,0,41170
reactjs-interview-questions,sudheerj,2018-05-31T17:17:01Z,2025-02-24T09:14:16Z,JavaScript,157,0,107,101,41098
GPT-SoVITS,RVC-Boss,2024-01-14T18:05:21Z,2025-02-24T10:00:49Z,Python,281,1,1526,820,41094
vue2-elm,bailicangdu,2016-12-23T01:49:20Z,2025-02-24T09:50:36Z,Vue,21,0,628,512,41055
uv,astral-sh,2023-10-02T20:24:11Z,2025-02-24T10:11:44Z,Rust,5775,157,5344,4116,41026
ChatGLM-6B,THUDM,2023-03-13T12:00:18Z,2025-02-24T08:29:46Z,Python,49,0,1305,749,41024
what-happens-when,alex,2013-11-07T04:30:06Z,2025-02-24T04:11:15Z,,108,0,290,53,41016
python-patterns,faif,2012-06-06T21:02:35Z,2025-02-24T09:48:40Z,Python,265,0,89,78,40976
metabase,metabase,2015-02-02T19:25:47Z,2025-02-24T09:43:15Z,Clojure,28158,619,21675,17838,40946
pyenv,pyenv,2012-08-31T06:57:52Z,2025-02-24T10:14:52Z,Roff,936,120,1812,1748,40901
odoo,odoo,2014-05-13T15:38:58Z,2025-02-24T10:13:48Z,Python,6179,0,18044,15013,40816
dubbo,apache,2012-06-19T07:56:02Z,2025-02-24T08:37:06Z,Java,5584,107,7133,6339,40741
styled-components,styled-components,2016-08-16T06:41:32Z,2025-02-24T08:19:40Z,TypeScript,953,172,2924,2639,40679
spark,apache,2014-02-25T08:00:08Z,2025-02-24T09:58:00Z,Scala,7,0,0,0,40598
swiper,nolimits4web,2012-03-14T19:11:45Z,2025-02-24T10:06:38Z,JavaScript,592,81,5654,5485,40571
LLMs-from-scratch,rasbt,2023-07-23T18:15:57Z,2025-02-24T09:33:49Z,Jupyter Notebook,281,0,120,120,40531
nw.js,nwjs,2012-01-04T06:21:10Z,2025-02-23T08:52:07Z,JavaScript,575,0,7361,6430,40492
uni-app,dcloudio,2018-07-12T08:52:39Z,2025-02-24T09:32:13Z,JavaScript,322,0,4693,3638,40441
ColossalAI,hpcaitech,2021-10-28T16:19:44Z,2025-02-24T09:15:07Z,Python,3622,48,1690,1280,40356
maybe,maybe-finance,2024-01-01T22:23:46Z,2025-02-24T10:16:28Z,Ruby,848,25,562,525,40342
diagrams,mingrammer,2020-02-02T15:23:24Z,2025-02-24T08:46:32Z,Python,306,43,519,213,40323
CPlusPlusThings,Light-City,2019-07-14T08:45:45Z,2025-02-24T09:03:21Z,C++,72,0,226,218,40261
vuetify,vuetifyjs,2016-09-12T00:39:35Z,2025-02-24T10:06:24Z,TypeScript,4068,577,14471,13945,40260
kong,Kong,2014-11-17T23:56:08Z,2025-02-24T09:52:46Z,Lua,6383,144,4475,4421,40206
stablediffusion,Stability-AI,2022-11-23T23:59:50Z,2025-02-24T09:12:45Z,Python,18,0,318,76,40184
ailearning,apachecn,2017-02-25T08:53:02Z,2025-02-24T09:57:34Z,Python,478,2,128,126,40167
autogen,microsoft,2023-08-18T11:43:45Z,2025-02-24T10:04:03Z,Python,2071,75,2483,1967,40087
sentry,getsentry,2010-08-30T22:06:41Z,2025-02-24T09:54:23Z,Python,62688,145,14623,12511,40080
hexo,hexojs,2012-09-23T15:17:08Z,2025-02-23T22:08:22Z,TypeScript,932,114,3965,3887,40010
fastlane,fastlane,2014-12-02T17:00:38Z,2025-02-24T10:05:02Z,Ruby,6212,548,13086,12472,39916
ragflow,infiniflow,2023-12-12T06:13:13Z,2025-02-24T10:16:17Z,TypeScript,2272,21,2595,1489,39844
black,psf,2018-03-14T19:54:45Z,2025-02-24T08:44:48Z,Python,1536,46,2668,2325,39798
nvm-windows,coreybutler,2014-09-20T16:37:28Z,2025-02-24T09:24:18Z,Go,107,23,893,817,39631
nanoGPT,karpathy,2022-12-28T00:51:12Z,2025-02-24T10:10:52Z,Python,45,0,324,105,39562
cobra,spf13,2013-09-03T20:40:26Z,2025-02-24T09:08:08Z,Go,609,24,1180,971,39507
iina,iina,2016-12-19T07:18:45Z,2025-02-24T10:06:38Z,Swift,776,44,4034,2305,39486
fanqiang,bannedbook,2015-01-14T00:34:25Z,2025-02-24T07:11:02Z,Kotlin,3,3,779,458,39235
llama_index,run-llama,2022-11-02T04:24:54Z,2025-02-24T09:37:36Z,Python,6081,360,5909,5245,39220
termux-app,termux,2015-10-23T09:42:46Z,2025-02-24T08:43:56Z,Java,160,91,2764,2407,39200
ClickHouse,ClickHouse,2016-06-02T08:28:18Z,2025-02-24T06:58:44Z,C++,44627,626,22826,19017,39153
vllm,vllm-project,2023-02-09T11:23:20Z,2025-02-24T10:12:16Z,Python,4683,50,6683,5395,39085
cheat.sh,chubin,2017-05-07T21:40:56Z,2025-02-24T08:05:25Z,Python,124,0,251,131,38980
tldraw,tldraw,2021-05-09T11:48:37Z,2025-02-24T10:04:10Z,TypeScript,2834,59,1443,1165,38964
airflow,apache,2015-04-13T18:04:58Z,2025-02-24T10:00:38Z,Python,24588,93,10770,9660,38902
materialize,Dogfalo,2014-09-12T19:35:38Z,2025-02-23T23:59:09Z,JavaScript,449,41,5223,4599,38866
markitdown,microsoft,2024-11-13T19:56:40Z,2025-02-24T10:15:57Z,HTML,78,3,171,37,38835
Deep-Learning-Papers-Reading-Roadmap,floodsung,2016-10-14T11:49:48Z,2025-02-24T09:57:47Z,Python,28,0,55,5,38787
tabler,tabler,2018-02-01T09:08:59Z,2025-02-24T07:54:00Z,HTML,592,47,963,923,38775
bert,google-research,2018-10-25T22:57:34Z,2025-02-24T09:40:07Z,Python,32,0,1144,354,38704
php-src,php,2011-06-16T01:52:25Z,2025-02-24T07:15:33Z,C,3724,7,3830,3055,38699
anything-llm,Mintplex-Labs,2023-06-04T02:29:14Z,2025-02-24T10:12:05Z,JavaScript,855,11,2147,1925,38691
v2rayNG,2dust,2019-05-15T02:15:31Z,2025-02-24T09:39:51Z,Kotlin,406,227,3142,3131,38642
chinese-independent-developer,1c7,2017-09-21T11:08:23Z,2025-02-24T10:01:50Z,,267,0,162,161,38608
esbuild,evanw,2016-06-14T16:08:50Z,2025-02-24T07:27:33Z,Go,235,292,3613,3132,38597
chakra-ui,chakra-ui,2019-08-17T14:27:54Z,2025-02-24T08:16:37Z,TypeScript,2654,1000,3977,3968,38577
wrk,wg,2012-03-20T11:12:28Z,2025-02-24T10:01:30Z,C,0,0,405,262,38449
video.js,videojs,2010-05-14T18:45:10Z,2025-02-24T10:10:29Z,JavaScript,1793,328,5333,4792,38450
cli,cli,2019-10-03T15:24:53Z,2025-02-24T07:35:01Z,Go,2385,156,4644,3936,38352
50projects50days,bradtraversy,2020-11-16T14:39:01Z,2025-02-24T08:57:10Z,CSS,43,0,0,0,38270
Made-With-ML,GokuMohandas,2018-11-05T03:44:27Z,2025-02-24T07:13:30Z,Jupyter Notebook,147,0,73,57,38215
bevy,bevyengine,2020-01-18T21:13:55Z,2025-02-24T09:52:18Z,Rust,4940,35,6348,4246,38080
mitmproxy,mitmproxy,2010-02-16T04:10:13Z,2025-02-24T09:34:47Z,Python,2527,72,3467,3145,38039
whisper.cpp,ggerganov,2022-09-25T18:26:37Z,2025-02-24T10:05:27Z,C++,623,24,1532,716,37998
tidb,pingcap,2015-09-06T04:01:52Z,2025-02-24T09:55:12Z,Go,31486,205,20114,16365,37975
English-level-up-tips,byoungd,2017-05-30T07:18:52Z,2025-02-24T10:16:31Z,HTML,26,0,99,72,37964
TTS,coqui-ai,2020-05-20T15:45:28Z,2025-02-24T09:38:48Z,Python,467,98,1150,1140,37941
FastChat,lm-sys,2023-03-19T00:18:02Z,2025-02-24T07:05:43Z,Python,848,14,1864,1063,37910
styleguide,google,2015-05-20T19:18:59Z,2025-02-24T07:52:14Z,HTML,176,0,343,235,37877
zju-icicles,QSCTech,2016-06-28T16:17:32Z,2025-02-24T06:32:41Z,HTML,222,0,78,68,37868
typst,typst,2019-09-24T21:41:56Z,2025-02-24T09:59:59Z,Rust,1543,21,2981,2244,37864
MPAndroidChart,PhilJay,2014-04-25T14:29:47Z,2025-02-24T07:05:55Z,Java,190,44,4957,2894,37821
streamlit,streamlit,2019-08-24T00:14:52Z,2025-02-24T10:02:37Z,Python,4623,92,4830,3879,37721
impress.js,impress,2011-12-28T22:23:19Z,2025-02-24T07:45:09Z,JavaScript,121,15,481,426,37716
coolify,coollabsio,2021-01-25T20:54:01Z,2025-02-24T09:59:45Z,PHP,1430,589,2295,1902,37652
EasySpider,NaiboWang,2020-07-18T02:41:27Z,2025-02-24T09:42:42Z,JavaScript,40,10,609,446,37628
phaser,phaserjs,2013-04-12T12:27:51Z,2025-02-24T01:18:05Z,JavaScript,1704,164,4470,4398,37588
zig,ziglang,2015-08-06T00:51:28Z,2025-02-24T10:03:17Z,Zig,8545,18,12057,8996,37585
expo,expo,2016-08-15T17:14:25Z,2025-02-24T10:07:15Z,TypeScript,15786,0,15727,15214,37585
gorm,go-gorm,2013-10-25T08:31:38Z,2025-02-24T08:19:34Z,Go,730,2,5881,5474,37577
awesome-compose,docker,2020-02-13T08:51:42Z,2025-02-24T09:33:31Z,HTML,149,0,123,40,37543
vim,vim,2015-08-18T21:03:56Z,2025-02-24T10:02:51Z,Vim Script,438,0,8552,7089,37522
WeChatMsg,LC044,2023-01-11T05:03:49Z,2025-02-24T10:16:24Z,Python,62,33,448,387,37496
jellyfin,jellyfin,2018-12-09T06:36:45Z,2025-02-24T09:33:44Z,C#,4468,85,6769,6355,37409
quivr,QuivrHQ,2023-05-12T23:53:30Z,2025-02-24T09:40:59Z,Python,1798,354,1528,1499,37365
free,freefq,2020-06-07T02:48:33Z,2025-02-24T09:27:05Z,,0,0,693,189,37317
TrafficMonitor,zhongyang219,2017-07-30T02:51:17Z,2025-02-24T09:56:12Z,C++,53,26,1789,678,37288
Open-Assistant,LAION-AI,2022-12-13T05:24:17Z,2025-02-24T05:45:02Z,Python,1616,127,1643,1417,37241
memos,usememos,2021-12-08T15:30:18Z,2025-02-24T09:15:53Z,Go,1614,75,2208,2188,37201
freecodecamp.cn,FreeCodeCampChina,2016-09-30T03:13:43Z,2025-02-23T01:53:39Z,CSS,55,0,585,445,37180
preact,preactjs,2015-09-11T02:40:18Z,2025-02-24T09:45:42Z,JavaScript,1804,221,1857,1787,37171
leveldb,google,2014-08-27T21:17:52Z,2025-02-24T09:20:20Z,C++,64,21,771,535,37128
bark,suno-ai,2023-04-07T19:34:48Z,2025-02-24T09:08:51Z,Jupyter Notebook,19,0,455,234,37039
jsoncrack.com,AykutSarac,2022-01-30T15:25:18Z,2025-02-24T08:23:48Z,TypeScript,83,20,247,213,37038
tutorials,eugenp,2013-04-29T18:26:36Z,2025-02-24T03:40:47Z,Java,12985,0,779,749,37025
ultralytics,ultralytics,2022-09-11T16:39:45Z,2025-02-24T09:53:44Z,Python,2834,152,10420,9648,36994
shellcheck,koalaman,2012-11-17T03:15:11Z,2025-02-24T10:02:36Z,Haskell,286,29,2742,1671,36977
curl,curl,2010-03-18T22:32:22Z,2025-02-24T09:39:40Z,C,190,87,4901,4885,36948
DeepSpeed,deepspeedai,2020-01-23T18:35:18Z,2025-02-24T09:11:32Z,Python,2566,87,2982,1980,36948
python-cheatsheet,gto76,2018-01-25T04:16:53Z,2025-02-24T07:01:06Z,Python,14,0,66,61,36890
ant-design-pro,ant-design,2017-08-25T10:40:44Z,2025-02-24T04:12:59Z,TypeScript,972,26,9702,9515,36837
awesome-remote-job,lukasz-madon,2015-01-02T00:31:34Z,2025-02-24T10:07:33Z,,582,0,74,71,36826
pure-bash-bible,dylanaraps,2018-06-13T01:39:33Z,2025-02-24T07:20:25Z,Shell,28,0,76,33,36803
interview_internal_reference,0voice,2019-06-10T06:54:19Z,2025-02-24T07:03:02Z,Python,35,0,46,18,36796
aria2,aria2,2010-11-27T09:41:48Z,2025-02-24T08:02:06Z,C++,252,24,1872,818,36756
freqtrade,freqtrade,2017-05-17T23:48:53Z,2025-02-24T09:05:11Z,Python,5551,94,5024,4985,36663
penpot,penpot,2015-12-29T22:09:07Z,2025-02-24T10:15:49Z,Clojure,3593,46,1715,1315,36595
tmux,tmux,2015-06-03T23:32:55Z,2025-02-24T10:00:20Z,C,1,37,3579,3529,36589
photoprism,photoprism,2018-01-27T12:00:15Z,2025-02-24T09:42:42Z,Go,705,72,2260,1783,36535
istio,istio,2016-11-18T23:57:21Z,2025-02-24T10:09:01Z,Go,27271,373,20524,20044,36518
GFPGAN,TencentARC,2021-03-19T06:18:20Z,2025-02-24T06:19:26Z,Python,14,8,482,129,36356
gradio,gradio-app,2018-12-19T08:24:04Z,2025-02-24T10:09:39Z,Python,4290,1000,5369,4905,36343
novu,novuhq,2021-08-26T15:22:44Z,2025-02-24T08:26:11Z,TypeScript,5084,40,1547,1322,36326
JavaFamily,AobingJava,2019-11-12T04:26:18Z,2025-02-23T12:40:12Z,,2,0,63,60,36300
Summer2025-Internships,SimplifyJobs,2020-05-23T20:53:18Z,2025-02-24T09:54:44Z,,1668,0,2846,2841,36283
OpenBB,OpenBB-finance,2020-12-20T10:46:38Z,2025-02-24T09:58:44Z,Python,4021,42,2205,2169,36252
Files,files-community,2019-01-04T18:19:14Z,2025-02-24T09:13:32Z,C#,5127,123,10296,9831,36184
AI-For-Beginners,microsoft,2021-03-03T16:27:36Z,2025-02-24T09:30:48Z,Jupyter Notebook,167,0,124,101,36165
GitHubDaily,GitHubDaily,2018-12-30T13:56:58Z,2025-02-24T09:48:13Z,,3,0,485,171,36146
aspnetcore,dotnet,2014-03-11T06:09:42Z,2025-02-24T08:00:38Z,C#,16910,243,36127,32686,36129
manifesto,opentofu,2023-08-13T16:17:24Z,2025-02-24T09:21:39Z,HTML,764,0,26,13,36125
trpc,trpc,2020-07-18T01:17:11Z,2025-02-24T08:47:13Z,TypeScript,3541,200,1191,1081,36114
v,vlang,2019-02-08T02:57:06Z,2025-02-24T09:24:43Z,V,11651,246,9131,8173,36110
taro,NervJS,2018-04-08T09:32:26Z,2025-02-24T09:58:37Z,TypeScript,3270,186,11953,10526,36105
deeplearningbook-chinese,exacity,2016-12-07T11:46:51Z,2025-02-24T09:36:14Z,TeX,16,7,202,138,36084
ruff,astral-sh,2022-08-09T17:17:44Z,2025-02-24T09:32:06Z,Rust,8976,348,6201,4954,36077
tesseract.js,naptha,2015-06-24T02:49:52Z,2025-02-24T07:05:42Z,JavaScript,190,55,714,680,36043
wtfpython,satwikkansal,2017-08-28T20:22:19Z,2025-02-24T03:26:45Z,Python,109,2,216,153,36036
helix,helix-editor,2020-06-01T04:26:56Z,2025-02-24T09:32:41Z,Rust,3894,28,4903,4194,36032
arthas,alibaba,2018-08-29T17:15:57Z,2025-02-24T09:57:12Z,Java,529,58,2053,1694,35998
pandoc,jgm,2010-03-20T20:34:23Z,2025-02-24T10:06:38Z,Haskell,1638,143,7785,6755,35975
wtfjs,denysdovhan,2017-07-14T15:42:12Z,2025-02-24T03:36:16Z,JavaScript,124,25,115,96,35963
og-aws,open-guides,2016-07-13T17:30:16Z,2025-02-23T16:07:03Z,Shell,498,0,227,87,35893
DragGAN,XingangPan,2023-05-18T10:08:02Z,2025-02-24T09:47:45Z,Python,18,0,190,46,35863
lerna,lerna,2015-12-04T09:36:55Z,2025-02-24T06:35:13Z,TypeScript,978,240,2654,2268,35844
MockingBird,babysor,2021-08-07T03:53:39Z,2025-02-24T09:18:24Z,Python,81,1,886,411,35831
devdocs,freeCodeCamp,2013-10-24T18:16:07Z,2025-02-24T09:11:18Z,Ruby,849,0,1200,1019,35781
appsmith,appsmithorg,2020-06-30T04:07:36Z,2025-02-24T09:58:14Z,TypeScript,13281,267,22627,18499,35754
zod,colinhacks,2020-03-07T20:59:08Z,2025-02-24T09:45:21Z,TypeScript,533,92,2071,1585,35734
insomnia,Kong,2016-04-23T03:54:26Z,2025-02-24T09:35:46Z,JavaScript,3045,495,3727,3072,35720
fd,sharkdp,2017-05-09T21:27:10Z,2025-02-24T07:19:23Z,Rust,611,40,877,770,35684
ray,ray-project,2016-10-25T19:38:30Z,2025-02-24T09:56:47Z,Python,24584,100,19496,15763,35609
daisyui,saadeghi,2020-11-28T22:57:27Z,2025-02-24T09:59:06Z,Svelte,351,53,1708,1583,35568
googletest,google,2015-07-28T15:07:53Z,2025-02-24T01:52:47Z,C++,810,10,2278,1971,35491
spotube,KRTirtho,2021-02-14T03:17:58Z,2025-02-24T09:58:17Z,Dart,231,37,1550,971,35490
shadowsocks-android,shadowsocks,2012-12-16T13:40:29Z,2025-02-24T09:36:42Z,Kotlin,256,185,2502,2460,35489
Flowise,FlowiseAI,2023-03-31T12:23:09Z,2025-02-24T10:13:38Z,TypeScript,1061,62,1734,1274,35489
hello-algorithm,geekxh,2020-05-29T05:47:09Z,2025-02-24T10:05:45Z,Java,26,0,44,32,35476
interview,huihut,2018-02-09T09:49:48Z,2025-02-24T07:18:57Z,C++,35,0,64,40,35472
gym,openai,2016-04-27T14:59:16Z,2025-02-24T02:28:30Z,Python,999,19,1838,1726,35457
sheetjs,SheetJS,2012-12-03T19:25:52Z,2025-02-24T08:47:47Z,,106,0,2385,2267,35408
fullPage.js,alvarotrigo,2013-09-20T11:58:29Z,2025-02-24T07:03:54Z,JavaScript,315,101,4113,3978,35390
RSSHub,DIYgod,2018-04-02T14:43:21Z,2025-02-24T10:09:00Z,TypeScript,10135,0,5793,5460,35362
koa,koajs,2013-07-20T18:53:45Z,2025-02-24T05:37:26Z,JavaScript,501,2,911,894,35355
date-fns,date-fns,2014-10-06T10:24:22Z,2025-02-24T01:51:13Z,TypeScript,1068,122,1956,1357,35345
lottie-android,airbnb,2016-10-06T22:42:42Z,2025-02-24T08:59:14Z,Java,702,55,1750,1726,35204
Pake,tw93,2022-10-14T09:32:57Z,2025-02-24T09:52:51Z,Rust,95,31,352,318,35129
fiber,gofiber,2020-01-16T03:59:20Z,2025-02-24T08:47:18Z,Go,1564,124,1486,1391,35113
upscayl,upscayl,2022-07-30T17:19:20Z,2025-02-24T07:44:41Z,TypeScript,83,29,859,808,35098
nativefier,nativefier,2015-07-05T05:56:42Z,2025-02-24T07:48:21Z,TypeScript,261,99,1238,982,35087
logseq,logseq,2020-05-23T00:06:06Z,2025-02-24T09:55:13Z,Clojure,2985,147,7767,6366,35065
Awesome-Design-Tools,goabstract,2019-02-12T13:55:30Z,2025-02-24T08:53:35Z,JavaScript,283,0,41,25,35026
slidev,slidevjs,2021-04-24T01:25:23Z,2025-02-24T09:44:00Z,TypeScript,654,381,1132,1046,35024
955.WLB,formulahendry,2019-03-27T23:53:37Z,2025-02-24T04:11:20Z,,18,0,262,82,35002
chatgpt-on-wechat,zhayujie,2022-08-07T08:33:41Z,2025-02-24T10:13:29Z,Python,245,61,1937,1652,34994
lapce,lapce,2018-02-06T08:41:06Z,2025-02-24T03:34:59Z,Rust,1159,31,1947,1164,34993
hackathon-starter,sahat,2013-11-13T17:24:12Z,2025-02-24T06:23:11Z,JavaScript,326,16,660,651,34985
google-research,google-research,2018-10-04T18:42:48Z,2025-02-24T09:30:31Z,Jupyter Notebook,29,0,1284,335,34978
awesome-react-native,jondot,2015-03-26T19:58:06Z,2025-02-24T08:09:49Z,JavaScript,912,0,72,35,34943
typeorm,typeorm,2016-02-29T07:41:14Z,2025-02-24T08:41:00Z,TypeScript,2027,32,8275,5868,34917
carbon,carbon-app,2017-06-16T02:50:28Z,2025-02-24T09:36:40Z,JavaScript,669,215,678,627,34915
metasploit-framework,rapid7,2011-08-30T06:13:20Z,2025-02-24T08:13:10Z,Ruby,10936,0,6157,5736,34891
cli,httpie,2012-02-25T12:39:13Z,2025-02-24T08:23:25Z,Python,406,47,881,718,34868
ToolJet,ToolJet,2021-03-30T08:51:34Z,2025-02-24T09:57:33Z,JavaScript,5563,283,4686,4014,34804
halo,halo-dev,2018-03-21T12:56:52Z,2025-02-24T10:11:26Z,Java,2413,208,4129,3783,34800
glide,bumptech,2013-07-08T22:52:33Z,2025-02-24T08:45:01Z,Java,544,47,4460,3918,34787
compose,docker,2013-12-09T11:40:58Z,2025-02-24T08:32:24Z,Go,3281,247,7864,7775,34788
the-way-to-go_ZH_CN,unknwon,2013-03-24T17:18:38Z,2025-02-24T08:54:06Z,Go,592,0,0,0,34745
ccxt,ccxt,2017-05-14T15:41:56Z,2025-02-24T09:41:23Z,Python,12534,137,10577,9660,34738
ChatTTS,2noise,2024-05-27T18:26:49Z,2025-02-24T10:16:49Z,Python,210,5,610,550,34663
system-design,karanpratapsingh,2022-08-15T18:59:54Z,2025-02-24T10:09:26Z,,11,0,21,20,34589
vim-plug,junegunn,2013-09-10T14:58:51Z,2025-02-24T05:08:47Z,Vim Script,176,8,1027,958,34559
TaskMatrix,chenfei-wu,2023-03-02T09:04:28Z,2025-02-23T19:07:21Z,Python,21,0,356,136,34542
HanLP,hankcs,2014-10-09T06:36:16Z,2025-02-24T09:58:55Z,Python,79,62,1425,1417,34462
node-v0.x-archive,nodejs,2009-05-27T16:29:46Z,2025-02-23T12:24:27Z,,218,0,6379,6379,34415
caffe,BVLC,2013-09-12T18:39:48Z,2025-02-24T07:11:08Z,C++,1087,14,4799,3899,34240
cal.com,calcom,2021-03-22T13:47:42Z,2025-02-24T08:42:18Z,TypeScript,8920,389,7208,6319,34185
formik,jaredpalmer,2017-06-14T19:50:59Z,2025-02-24T03:42:39Z,TypeScript,829,196,2253,1556,34156
clipboard.js,zenorocha,2015-09-18T23:04:55Z,2025-02-24T07:36:41Z,JavaScript,117,42,626,616,34113
12306,testerSunshine,2017-05-17T12:23:40Z,2025-02-24T08:09:09Z,Python,31,1,691,466,34008
awesome-javascript,sorrycc,2014-07-01T15:59:02Z,2025-02-24T09:50:54Z,,387,0,91,87,33991
nushell,nushell,2019-05-10T16:59:42Z,2025-02-24T09:43:24Z,Rust,7319,104,6127,4684,33982
gold-miner,xitu,2015-11-04T03:29:13Z,2025-02-24T10:13:31Z,,3563,0,5596,5591,33954
spacedrive,spacedriveapp,2021-09-27T05:09:04Z,2025-02-24T09:47:41Z,TypeScript,1880,25,498,387,33938
marked,markedjs,2011-07-24T13:15:51Z,2025-02-24T10:01:52Z,TypeScript,1489,146,1561,1545,33930
REKCARC-TSC-UHT,PKUanonym,2019-04-05T03:31:23Z,2025-02-24T07:29:49Z,HTML,160,0,31,30,33880
netty,netty,2010-11-09T09:22:21Z,2025-02-24T09:58:35Z,Java,3939,0,6564,5981,33821
awesome-shell,alebcay,2014-07-07T01:57:42Z,2025-02-24T08:04:07Z,,307,0,57,22,33794
jieba,fxsjy,2012-09-29T07:52:01Z,2025-02-24T10:15:06Z,Python,96,9,853,227,33720
react-beautiful-dnd,atlassian,2017-08-09T03:37:15Z,2025-02-24T07:53:46Z,JavaScript,530,68,1613,1044,33676
Langchain-Chatchat,chatchat-space,2023-03-31T12:12:45Z,2025-02-24T10:07:35Z,TypeScript,616,31,4044,3833,33672
shadowsocks,shadowsocks,2012-04-20T13:10:49Z,2025-02-24T04:46:39Z,Python,70,2,0,0,33600
AndroidUtilCode,Blankj,2016-07-30T18:18:32Z,2025-02-24T07:03:45Z,Java,88,117,1580,1278,33461
node,inkonchain,2024-05-13T23:20:40Z,2025-02-24T10:16:18Z,Shell,28,2,14,10,33431
spring-boot-demo,xkcoding,2017-11-10T06:27:29Z,2025-02-24T10:13:27Z,Java,15,0,169,73,33407
sqlmap,sqlmapproject,2012-06-26T09:52:15Z,2025-02-24T10:05:22Z,Python,169,10,5286,5236,33390
docs,inkonchain,2024-05-07T16:49:36Z,2025-02-24T10:16:15Z,MDX,278,0,27,13,33388
AFNetworking,AFNetworking,2011-05-31T21:28:44Z,2025-02-23T12:19:22Z,Objective-C,710,40,0,0,33355
LeetCode-Go,halfrost,2017-07-18T00:06:14Z,2025-02-24T09:46:49Z,Go,178,4,80,63,33349
pytorch-image-models,huggingface,2019-02-02T05:51:12Z,2025-02-24T09:12:05Z,Python,439,65,955,907,33258
ink-kit,inkonchain,2024-11-04T16:32:17Z,2025-02-24T10:16:16Z,TypeScript,84,0,3,0,33236
brackets,adobe,2011-12-07T21:14:40Z,2025-02-24T00:08:24Z,JavaScript,4332,69,9683,7066,33235
windows,dockur,2024-01-14T13:09:40Z,2025-02-24T10:06:26Z,Shell,331,82,655,566,33199
faiss,facebookresearch,2017-02-07T16:07:05Z,2025-02-24T10:04:25Z,C++,137,18,2574,2350,33195
framework,laravel,2013-01-10T21:27:28Z,2025-02-24T09:38:29Z,PHP,15967,801,18544,18528,33180
XX-Net,XX-net,2015-01-15T09:35:51Z,2025-02-24T08:39:33Z,Python,362,388,13314,5413,33165
husky,typicode,2014-06-23T12:14:21Z,2025-02-24T03:04:15Z,JavaScript,262,80,1070,1012,33135
easyexcel,alibaba,2018-02-06T03:14:08Z,2025-02-24T08:10:37Z,Java,190,14,3576,3113,33117
fastify,fastify,2016-09-28T19:10:14Z,2025-02-24T09:36:00Z,JavaScript,2939,290,2037,1976,33093
gulp,gulpjs,2013-07-04T05:26:06Z,2025-02-24T05:36:47Z,JavaScript,405,23,1934,1906,33092
zxing,zxing,2011-10-12T14:07:27Z,2025-02-23T16:29:44Z,Java,317,31,1298,1290,33083
leetcode,doocs,2018-09-16T14:03:03Z,2025-02-24T10:00:26Z,Java,3686,21,50,48,33062
solid,solidjs,2018-04-24T16:36:27Z,2025-02-24T09:04:18Z,TypeScript,370,35,1049,951,33055
immutable-js,immutable-js,2014-07-02T06:02:29Z,2025-02-24T09:57:46Z,TypeScript,536,85,1252,1147,33021
NewPipe,TeamNewPipe,2015-09-03T23:39:26Z,2025-02-24T09:11:47Z,Java,1606,135,9286,8110,33014
Coursera-ML-AndrewNg-Notes,fengdu78,2017-11-04T10:04:08Z,2025-02-24T10:13:10Z,HTML,13,0,68,15,32982
AgentGPT,reworkd,2023-04-07T02:29:19Z,2025-02-24T10:16:40Z,TypeScript,539,12,461,337,32954
JavaScript,TheAlgorithms,2017-07-13T06:12:33Z,2025-02-24T09:08:38Z,JavaScript,795,0,203,196,32894
linux-command,jaywcjlove,2016-11-12T15:44:26Z,2025-02-24T09:24:15Z,Markdown,346,30,194,123,32834
ijkplayer,bilibili,2013-06-03T04:12:04Z,2025-02-24T09:37:03Z,C,35,0,5361,2540,32750
payload,payloadcms,2021-01-05T18:49:45Z,2025-02-24T10:06:55Z,TypeScript,4826,486,3159,2899,32715
milvus,milvus-io,2019-09-16T06:43:43Z,2025-02-24T08:36:13Z,Go,21134,107,12784,12170,32653
poetry,python-poetry,2018-02-28T15:23:47Z,2025-02-24T08:21:46Z,Python,2268,139,6079,5618,32646
ShadowsocksX-NG,shadowsocks,2016-06-10T11:49:00Z,2025-02-24T07:14:52Z,Swift,64,30,1356,1048,32644
carbon-lang,carbon-language,2020-04-27T21:45:16Z,2025-02-24T09:03:56Z,C++,3571,232,624,511,32639
Python,geekcomputers,2011-11-30T09:04:08Z,2025-02-24T09:31:51Z,Python,1631,0,441,140,32580
legado,gedoor,2019-05-22T04:18:58Z,2025-02-24T09:59:36Z,Kotlin,1077,115,2637,2564,32552
plane,makeplane,2022-11-19T12:55:01Z,2025-02-24T09:41:06Z,TypeScript,4971,39,1117,700,32517
engineering-blogs,kilimchoi,2015-06-13T18:25:17Z,2025-02-24T10:13:08Z,Ruby,681,0,96,74,32517
harness,harness,2014-02-07T07:54:44Z,2025-02-24T08:27:58Z,Go,1042,50,1991,1920,32469
awesome-awesomeness,bayandin,2014-07-08T05:44:19Z,2025-02-24T09:20:16Z,Ruby,197,0,68,52,32393
gpt-pilot,Pythagora-io,2023-08-16T11:56:07Z,2025-02-24T09:12:05Z,Python,395,0,544,301,32390
zsh-autosuggestions,zsh-users,2013-10-26T16:09:37Z,2025-02-24T10:06:28Z,Shell,114,0,603,453,32306
material-design-lite,google,2015-01-14T22:01:33Z,2025-02-24T07:04:27Z,HTML,655,14,2189,1812,32292
browser-use,browser-use,2024-10-31T16:00:56Z,2025-02-24T10:13:29Z,Python,261,37,371,133,32145
portainer,portainer,2016-05-19T20:15:28Z,2025-02-24T09:58:52Z,TypeScript,4777,137,5773,5232,32080
polars,pola-rs,2020-05-13T19:45:33Z,2025-02-24T10:15:51Z,Rust,10362,203,9916,7749,32000
How-To-Ask-Questions-The-Smart-Way,ryanhanwu,2015-03-28T16:52:40Z,2025-02-24T10:13:36Z,JavaScript,98,0,27,20,31964
certbot,certbot,2014-11-12T02:52:20Z,2025-02-24T08:51:59Z,Python,3872,56,5376,5240,31950
HEU_KMS_Activator,zbezj,2019-06-23T00:49:35Z,2025-02-24T09:37:48Z,,0,40,161,25,31949
LLM101n,karpathy,2024-05-27T00:23:38Z,2025-02-24T09:45:43Z,,0,0,0,0,31937
chatbox,Bin-Huang,2023-03-06T12:22:15Z,2025-02-24T10:16:33Z,TypeScript,53,47,1811,1291,31928
openpose,CMU-Perceptual-Computing-Lab,2017-04-24T14:06:31Z,2025-02-24T09:11:31Z,C++,174,15,1986,1663,31919
run,The-Run-Philosophy-Organization,2022-04-10T05:42:40Z,2025-02-24T10:10:13Z,,172,0,255,213,31910
beego,beego,2012-02-29T02:32:08Z,2025-02-24T07:57:24Z,Go,1309,38,3356,3350,31867
chatgpt-web,Chanzhaoyu,2023-02-09T03:21:37Z,2025-02-24T09:57:50Z,Vue,159,43,1747,1747,31844
vault,hashicorp,2015-02-25T00:15:59Z,2025-02-24T08:12:36Z,Go,19899,156,6253,5177,31823
unsloth,unslothai,2023-11-29T16:50:09Z,2025-02-24T10:13:39Z,Python,294,11,1407,658,31823
my-tv,lizongying,2023-12-04T12:18:39Z,2025-02-24T07:37:14Z,C,11,72,912,774,31801
shardeum,shardeum,2024-04-16T22:37:25Z,2025-02-24T09:47:08Z,TypeScript,178,0,36,23,31734
mattermost,mattermost,2015-06-15T06:50:02Z,2025-02-24T09:31:24Z,TypeScript,18024,716,8873,8222,31723
swc,swc-project,2017-12-22T11:40:14Z,2025-02-24T09:05:52Z,Rust,5074,625,3730,3336,31719
android-open-project,Trinea,2014-01-05T15:20:15Z,2025-02-23T16:04:15Z,,204,0,85,74,31677
selenium,SeleniumHQ,2013-01-14T21:40:56Z,2025-02-24T09:59:35Z,Java,2563,102,10648,10511,31663
modern-unix,ibraheemdev,2021-01-12T00:50:14Z,2025-02-24T06:04:05Z,,15,0,81,30,31640
AnotherRedisDesktopManager,qishibo,2019-01-08T06:01:56Z,2025-02-24T09:39:18Z,JavaScript,149,53,1039,916,31614
RevokeMsgPatcher,huiyadanli,2019-07-21T15:12:52Z,2025-02-24T08:56:52Z,C#,10,20,758,690,31548
ControlNet,lllyasviel,2023-02-01T02:43:30Z,2025-02-24T09:22:37Z,Python,5,0,564,138,31531
crawl4ai,unclecode,2024-05-09T09:48:50Z,2025-02-24T10:11:40Z,Python,46,0,478,413,31426
jax,jax-ml,2018-10-25T21:25:02Z,2025-02-24T10:10:30Z,Python,12112,118,5981,4479,31401
graphql-engine,hasura,2018-06-18T07:57:36Z,2025-02-24T05:41:15Z,TypeScript,2110,280,6333,4083,31372
awesome-docker,veggiemonk,2014-09-21T17:01:48Z,2025-02-24T05:03:16Z,,929,1,129,127,31361
bruno,usebruno,2022-09-27T20:51:45Z,2025-02-24T09:22:39Z,JavaScript,923,124,2387,1275,31358
awesome-php,ziadoz,2013-11-26T03:14:19Z,2025-02-24T06:46:58Z,,444,0,152,150,31347
detectron2,facebookresearch,2019-09-05T21:30:20Z,2025-02-24T10:12:32Z,Python,0,10,3537,3083,31291
nps,ehang-io,2018-11-04T13:22:51Z,2025-02-24T03:40:38Z,Go,74,59,1191,697,31292
C-Plus-Plus,TheAlgorithms,2016-07-16T10:19:45Z,2025-02-24T08:25:03Z,C++,667,0,313,305,31281
yew,yewstack,2017-12-16T14:19:02Z,2025-02-24T10:10:44Z,Rust,1735,35,1251,1128,31264
jq,jqlang,2012-07-18T19:57:25Z,2025-02-24T09:14:29Z,C,578,13,2232,1868,31258
serenity,SerenityOS,2018-12-02T19:28:41Z,2025-02-24T08:38:50Z,C++,19179,0,4211,3497,31105
learnGitBranching,pcottle,2012-08-13T22:36:09Z,2025-02-24T09:17:30Z,JavaScript,588,0,504,461,31102
cline,cline,2024-07-06T07:28:10Z,2025-02-24T10:16:53Z,TypeScript,139,49,944,585,31079
swr,vercel,2019-10-28T18:16:01Z,2025-02-24T09:38:32Z,TypeScript,781,118,936,808,31067
llvm-project,llvm,2016-12-07T09:39:33Z,2025-02-24T10:11:00Z,LLVM,38164,123,80783,55929,31045
OpenVoice,myshell-ai,2023-11-29T12:17:01Z,2025-02-24T07:32:08Z,Python,17,0,275,55,31044
fairseq,facebookresearch,2017-08-29T16:26:12Z,2025-02-24T07:38:02Z,Python,233,16,4219,3055,31040
rxjs,ReactiveX,2015-03-15T06:17:10Z,2025-02-24T09:27:34Z,TypeScript,2588,2,3156,2939,31040
vimrc,amix,2012-05-29T16:19:29Z,2025-02-24T08:02:52Z,Vim Script,107,0,516,510,31036
html2canvas,niklasvh,2011-07-16T01:05:58Z,2025-02-24T10:06:42Z,TypeScript,186,45,2601,1657,31009
remote-jobs,remoteintech,2015-10-13T03:49:25Z,2025-02-24T08:34:06Z,JavaScript,1250,0,179,159,31006
spaCy,explosion,2014-07-03T15:15:40Z,2025-02-24T09:36:40Z,Python,3581,127,5683,5524,30977
HowToLiveLonger,geekan,2022-04-16T04:15:18Z,2025-02-24T10:12:59Z,,13,0,129,103,30970
MS-DOS,microsoft,2018-06-25T18:26:02Z,2025-02-23T10:51:48Z,Assembly,37,0,0,0,30962
jQuery-File-Upload,blueimp,2010-12-01T15:35:32Z,2025-02-22T17:11:45Z,PHP,119,0,3307,3258,30952
ShareX,ShareX,2013-10-08T23:32:10Z,2025-02-24T10:07:05Z,C#,744,80,6644,6059,30933
lottie-web,airbnb,2015-02-20T21:02:59Z,2025-02-24T09:37:25Z,JavaScript,136,0,2881,2122,30899
Blog,mqyqingfeng,2017-03-13T10:04:33Z,2025-02-24T07:54:22Z,,3,0,333,100,30892
nacos,alibaba,2018-06-15T06:49:27Z,2025-02-24T08:47:58Z,Java,2946,76,8812,8575,30888
aseprite,aseprite,2014-08-19T23:44:50Z,2025-02-24T07:21:17Z,C++,347,114,4061,2376,30864
union,unionlabs,2023-05-16T22:33:39Z,2025-02-24T10:06:15Z,Rust,1925,76,1649,1404,30864
pnpm,pnpm,2016-01-28T07:40:43Z,2025-02-24T09:21:12Z,TypeScript,2434,984,4535,2820,30855
pytorch-tutorial,yunjey,2017-03-10T07:41:47Z,2025-02-24T09:13:40Z,Python,28,0,179,113,30830
remix,remix-run,2020-10-26T19:57:28Z,2025-02-24T09:46:27Z,TypeScript,3364,155,2580,2305,30802
floating-ui,floating-ui,2016-03-29T17:00:47Z,2025-02-24T06:10:58Z,TypeScript,1111,467,1414,1381,30719
etcher,balena-io,2015-10-27T16:53:23Z,2025-02-24T08:37:43Z,TypeScript,1726,284,2306,1810,30679
siyuan,siyuan-note,2020-08-30T09:21:35Z,2025-02-24T10:16:37Z,TypeScript,403,743,13625,13291,30661
outline,outline,2016-05-22T21:31:47Z,2025-02-24T09:54:13Z,TypeScript,2648,141,3142,3036,30625
LocalAI,mudler,2023-03-18T22:58:02Z,2025-02-24T10:10:03Z,Go,3078,69,942,538,30600
dotfiles,mathiasbynens,2011-09-05T18:07:54Z,2025-02-24T06:34:32Z,Shell,44,0,392,248,30599
WxJava,binarywang,2016-01-06T08:24:05Z,2025-02-24T08:59:16Z,Java,988,30,2272,2239,30576
p3c,alibaba,2017-06-23T06:15:51Z,2025-02-24T10:10:14Z,Kotlin,62,0,858,698,30569
cockroach,cockroachdb,2014-02-06T00:18:47Z,2025-02-24T05:32:17Z,Go,63145,0,70662,64732,30541
libpku,lib-pku,2018-11-22T13:33:06Z,2025-02-24T03:39:06Z,TeX,22,0,41,31,30516
echo,labstack,2015-03-01T17:43:01Z,2025-02-24T05:15:54Z,Go,586,108,1436,1381,30509
v2ray-core,v2fly,2019-04-15T10:05:54Z,2025-02-24T07:52:15Z,Go,866,100,1006,973,30465
slate,ianstormtaylor,2016-06-18T01:52:42Z,2025-02-24T09:06:47Z,TypeScript,1878,186,3156,2502,30403
YesPlayMusic,qier222,2020-10-09T10:04:21Z,2025-02-24T09:00:17Z,Vue,283,31,1782,1188,30384
spring-boot-examples,ityouknow,2016-11-05T05:32:33Z,2025-02-23T01:06:07Z,Java,7,0,108,99,30381
CyberChef,gchq,2016-11-28T10:34:07Z,2025-02-24T06:36:04Z,JavaScript,476,447,1009,602,30365
linux-insides,0xAX,2015-01-03T18:44:57Z,2025-02-24T08:54:11Z,Python,577,0,185,152,30359
lede,coolsnowwolf,2017-09-06T07:39:03Z,2025-02-24T09:43:08Z,C,1989,6,8929,8187,30357
full-stack-fastapi-template,fastapi,2019-02-23T15:08:34Z,2025-02-24T09:22:34Z,TypeScript,377,10,422,257,30357
rufus,pbatard,2011-11-19T19:12:05Z,2025-02-24T09:39:47Z,C,1,81,2428,2420,30355
mmdetection,open-mmlab,2018-08-22T07:06:06Z,2025-02-24T07:05:19Z,Python,2359,53,8431,6732,30322
NeteaseCloudMusicApi,Binaryify,2016-06-22T11:58:03Z,2025-02-24T05:54:46Z,,292,0,1337,1190,30310
winutil,ChrisTitusTech,2022-04-28T02:25:19Z,2025-02-24T10:11:57Z,PowerShell,762,17,1731,1542,30265
chatbot-ui,mckaywrigley,2023-03-11T14:53:14Z,2025-02-24T09:31:12Z,TypeScript,281,0,973,814,30117
manim,ManimCommunity,2020-05-19T02:37:13Z,2025-02-24T10:00:42Z,Python,1832,29,1594,1180,30081
Sortable,SortableJS,2013-12-19T10:10:13Z,2025-02-24T09:35:22Z,JavaScript,246,30,1800,1342,30078
calculator,microsoft,2019-01-28T17:55:49Z,2025-02-24T06:46:58Z,C++,883,0,1076,713,30067
symfony,symfony,2010-01-04T14:21:21Z,2025-02-24T09:28:03Z,PHP,23431,537,20746,20220,30057
awesome-cto,kuchin,2016-12-16T19:22:18Z,2025-02-24T08:57:06Z,,12,0,11,9,30045
HEAD,joshbuchea,2016-04-20T20:05:37Z,2025-02-23T23:23:06Z,,86,0,93,73,30030
tabby,TabbyML,2023-03-16T09:18:01Z,2025-02-24T10:00:07Z,Rust,2675,191,828,667,30013
qBittorrent,qbittorrent,2012-02-04T09:37:46Z,2025-02-24T07:10:53Z,C++,3725,0,16400,13607,29998
layui,layui,2015-09-22T08:12:03Z,2025-02-24T06:31:20Z,JavaScript,534,136,1216,1172,29984
refine,refinedev,2021-01-20T12:01:32Z,2025-02-24T08:35:00Z,TypeScript,4313,1000,1582,1557,29970
bulletproof-react,alan2207,2021-05-30T14:47:16Z,2025-02-24T09:35:16Z,TypeScript,69,0,107,76,29964
minikube,kubernetes,2016-04-15T22:38:35Z,2025-02-24T05:28:47Z,Go,8406,150,9849,9345,29957
dokku,dokku,2013-06-08T10:26:57Z,2025-02-24T07:41:18Z,Shell,3923,294,2766,2719,29956
webtorrent,webtorrent,2013-10-15T08:16:40Z,2025-02-24T09:33:51Z,JavaScript,933,210,1652,1586,29955
go-zero,zeromicro,2020-08-07T15:37:57Z,2025-02-24T10:13:28Z,Go,2171,125,1732,1514,29953
interactive-coding-challenges,donnemartin,2015-04-28T21:36:39Z,2025-02-24T10:14:04Z,Python,176,0,68,32,29947
sharp,lovell,2013-08-19T20:24:24Z,2025-02-24T10:12:33Z,JavaScript,288,88,3899,3771,29926
stanford_alpaca,tatsu-lab,2023-03-10T23:33:09Z,2025-02-24T06:37:59Z,Python,6,0,271,98,29842
jsPDF,parallax,2009-12-06T14:56:32Z,2025-02-24T10:11:24Z,JavaScript,713,34,2524,2409,29829
sequelize,sequelize,2010-07-22T07:11:11Z,2025-02-24T09:46:46Z,TypeScript,4840,484,10367,9503,29797
mpv,mpv-player,2012-10-13T08:08:44Z,2025-02-24T09:43:06Z,C,3268,86,10259,9415,29774
vue-cli,vuejs,2015-12-26T23:11:20Z,2025-02-22T20:35:18Z,JavaScript,1258,177,5492,4558,29758
Real-ESRGAN,xinntao,2021-07-19T03:23:30Z,2025-02-24T10:12:45Z,Python,21,10,701,169,29749
Umi-OCR,hiroi-sora,2022-03-28T04:01:46Z,2025-02-24T10:05:06Z,Python,45,30,648,475,29739
foundation-sites,foundation,2011-10-13T23:05:42Z,2025-02-24T06:20:45Z,HTML,2958,79,8229,8180,29722
Reactive-Resume,AmruthPillai,2020-03-25T14:08:22Z,2025-02-24T09:18:47Z,TypeScript,633,95,1447,1238,29705
bubbletea,charmbracelet,2020-01-10T21:04:03Z,2025-02-24T09:48:59Z,Go,572,55,327,260,29705
lossless-cut,mifi,2016-10-30T10:49:56Z,2025-02-24T09:48:11Z,TypeScript,192,99,1535,1359,29696
fabric.js,fabricjs,2010-06-09T22:24:38Z,2025-02-24T09:13:32Z,JavaScript,2223,165,6130,5730,29673
AI-Expert-Roadmap,AMAI-GmbH,2020-10-24T21:49:40Z,2025-02-24T10:17:00Z,JavaScript,13,0,65,46,29579
editor.js,codex-team,2015-11-28T20:56:35Z,2025-02-24T09:14:04Z,TypeScript,860,100,1503,919,29577
leakcanary,square,2015-04-29T23:54:16Z,2025-02-24T03:12:16Z,Kotlin,919,43,1610,1512,29558
influxdb,influxdata,2013-09-26T14:31:10Z,2025-02-24T09:55:47Z,Rust,10267,87,13755,11732,29547
hutool,chinabugotech,2014-04-13T07:23:51Z,2025-02-24T09:30:20Z,Java,421,149,2885,2883,29532
fabric,danielmiessler,2024-01-03T23:18:31Z,2025-02-24T09:49:02Z,Go,255,92,587,412,29527
uppy,transloadit,2015-11-16T12:32:33Z,2025-02-24T07:04:26Z,TypeScript,2960,132,2378,2237,29519
project-guidelines,elsewhencode,2017-06-30T10:17:55Z,2025-02-24T06:46:57Z,JavaScript,114,0,38,29,29519
kafka,apache,2011-08-15T18:06:16Z,2025-02-24T09:07:00Z,Java,10705,0,0,0,29515
react-boilerplate,react-boilerplate,2015-02-18T14:36:32Z,2025-02-23T09:12:53Z,JavaScript,715,16,1905,1822,29511
phantomjs,ariya,2010-12-27T08:18:58Z,2025-02-24T09:11:31Z,C++,562,0,4745,4731,29484
stats,exelban,2019-05-29T19:24:56Z,2025-02-24T08:14:18Z,Swift,400,284,1934,1911,29462
netron,lutzroeder,2010-12-26T12:53:43Z,2025-02-24T09:23:04Z,JavaScript,1,3,1175,1154,29442
500lines,aosabook,2013-11-04T02:02:53Z,2025-02-24T10:13:46Z,JavaScript,175,0,70,39,29409
OpenAPI-Specification,OAI,2014-03-03T16:53:36Z,2025-02-24T07:01:18Z,Markdown,1258,12,2291,2120,29402
comprehensive-rust,google,2022-12-21T15:17:24Z,2025-02-24T09:40:25Z,Rust,2007,0,320,214,29387
backstage,backstage,2020-01-24T22:39:49Z,2025-02-24T10:01:37Z,TypeScript,17729,406,6570,6227,29375
Mr.-Ranedeer-AI-Tutor,JushBJJ,2023-03-31T12:37:26Z,2025-02-24T09:41:55Z,,19,3,47,34,29372
servo,servo,2012-02-08T19:07:25Z,2025-02-24T10:16:51Z,Rust,18557,0,13074,9933,29361
roop,s0md3v,2023-05-28T14:37:54Z,2025-02-24T06:56:05Z,Python,82,6,0,0,29349
Hover,IanLunn,2014-01-02T14:27:35Z,2025-02-23T13:53:57Z,SCSS,23,10,107,83,29340
particles.js,VincentGarreau,2014-09-06T14:29:47Z,2025-02-24T09:13:44Z,JavaScript,21,6,407,106,29338
apollo,apolloconfig,2016-03-04T10:24:23Z,2025-02-24T07:47:53Z,Java,1421,41,3296,3159,29334
tqdm,tqdm,2015-06-03T13:13:14Z,2025-02-24T06:01:35Z,Python,287,131,1014,584,29332
GPTs,linexjlin,2023-11-11T03:24:16Z,2025-02-24T10:16:28Z,,45,0,27,21,29316
ruoyi-vue-pro,YunaiV,2021-01-24T03:18:25Z,2025-02-24T09:23:38Z,Java,55,34,524,512,29281
awesome-macos-command-line,herrbischoff,2015-09-22T19:37:55Z,2025-02-24T05:44:59Z,,104,0,0,0,29265
standard,standard,2015-01-27T01:23:31Z,2025-02-24T06:43:01Z,JavaScript,412,7,1232,1121,29265
directus,directus,2012-12-12T01:35:36Z,2025-02-24T10:16:51Z,TypeScript,7728,327,8988,8459,29253
es6features,lukehoban,2014-03-03T18:29:30Z,2025-02-23T09:03:08Z,,41,0,57,36,29227
algo,trailofbits,2016-05-15T03:42:48Z,2025-02-24T08:16:22Z,Jinja,530,2,1603,1429,29205
rocksdb,facebook,2012-11-30T06:16:18Z,2025-02-24T03:21:01Z,C++,606,200,3291,2599,29182
paper-reading,mli,2021-10-22T06:34:51Z,2025-02-24T09:28:02Z,,14,0,0,0,29156
awesome-python-cn,jobbole,2015-11-03T09:50:50Z,2025-02-24T08:46:19Z,Makefile,51,0,31,18,29116
cheerio,cheeriojs,2011-10-09T04:23:20Z,2025-02-24T07:51:56Z,TypeScript,2617,58,1206,1179,29106
alpine,alpinejs,2019-11-28T13:51:55Z,2025-02-24T06:56:59Z,HTML,655,136,609,609,29098
COVID-19,CSSEGISandData,2020-02-04T22:03:53Z,2025-02-24T05:45:03Z,,2152,0,3759,2079,29088
MonitorControl,MonitorControl,2017-09-16T21:13:40Z,2025-02-24T10:13:49Z,Swift,213,26,957,950,29064
data-engineering-zoomcamp,DataTalksClub,2021-10-21T09:32:50Z,2025-02-24T10:13:13Z,Jupyter Notebook,376,0,133,132,29041
pytorch-lightning,Lightning-AI,2019-03-31T00:45:57Z,2025-02-24T05:26:52Z,Python,8830,163,7221,6352,29023
folly,facebook,2012-06-01T20:49:04Z,2025-02-24T07:14:28Z,C++,12,228,1182,912,29006
swift-algorithm-club,kodecocodes,2016-01-26T17:56:12Z,2025-02-24T07:32:44Z,Swift,610,0,215,183,28961
weekly,ascoders,2017-03-20T06:10:04Z,2025-02-24T10:12:26Z,JavaScript,136,193,365,363,28958
tiptap,ueberdosis,2018-08-20T19:58:58Z,2025-02-24T10:08:30Z,TypeScript,1031,850,2947,2419,28941
CheatSheetSeries,OWASP,2018-12-21T14:26:43Z,2025-02-24T08:27:47Z,Python,995,0,481,438,28929
numpy,numpy,2010-09-13T23:02:39Z,2025-02-24T09:47:37Z,Python,12400,125,13121,11113,28895
k3s,k3s-io,2018-05-31T01:37:46Z,2025-02-24T08:23:49Z,Go,3740,830,6455,6333,28873
Data-Science-For-Beginners,microsoft,2021-03-03T16:30:15Z,2025-02-24T09:47:20Z,Jupyter Notebook,293,0,117,95,28867
canal,alibaba,2013-01-13T10:59:52Z,2025-02-24T10:12:58Z,Java,463,32,4647,3551,28836
composer,composer,2011-06-08T08:53:00Z,2025-02-23T15:40:26Z,PHP,2896,209,7795,7686,28835
django-rest-framework,encode,2011-03-02T17:13:56Z,2025-02-24T09:06:54Z,Python,2976,19,0,0,28824
croc,schollz,2017-10-17T15:20:18Z,2025-02-24T08:27:44Z,Go,228,172,520,513,28811
docsify,docsifyjs,2016-11-20T07:55:43Z,2025-02-24T10:13:51Z,JavaScript,692,14,1276,1133,28810
css-protips,AllThingsSmitty,2015-08-29T12:29:03Z,2025-02-24T08:56:51Z,,69,0,60,59,28805
surrealdb,surrealdb,2021-12-09T15:03:29Z,2025-02-24T05:21:39Z,Rust,1813,66,1944,1268,28753
todomvc,tastejs,2011-06-03T19:56:33Z,2025-02-23T17:45:23Z,JavaScript,760,6,784,661,28733
lux,iawia002,2018-02-24T11:29:03Z,2025-02-24T10:00:56Z,Go,296,86,1046,539,28726
lighthouse,GoogleChrome,2016-03-08T01:03:11Z,2025-02-24T09:42:43Z,JavaScript,5312,116,9091,8539,28719
consul,hashicorp,2013-11-04T22:15:27Z,2025-02-24T09:52:26Z,Go,13521,199,5499,4265,28707
mediapipe,google-ai-edge,2019-06-13T19:16:41Z,2025-02-24T10:08:35Z,C++,201,59,5307,4931,28701
server,nextcloud,2016-06-02T07:44:14Z,2025-02-24T09:47:49Z,PHP,25835,308,19453,17237,28686
python-guide,realpython,2011-03-15T03:24:20Z,2025-02-24T09:50:03Z,Batchfile,683,0,269,176,28679
CasaOS,IceWhaleTech,2021-09-26T02:33:09Z,2025-02-24T10:04:24Z,Go,267,96,1431,833,28678
postcss,postcss,2013-09-24T23:06:48Z,2025-02-24T03:14:05Z,TypeScript,745,265,1008,984,28666
SpringAll,wuyouzhuguli,2018-05-02T02:48:44Z,2025-02-24T09:48:40Z,Java,1,0,48,27,28616
k9s,derailed,2019-01-25T18:46:02Z,2025-02-24T09:50:41Z,Go,738,233,1949,1389,28615
slick,kenwheeler,2014-03-24T02:10:05Z,2025-02-24T00:22:51Z,JavaScript,249,48,3613,2403,28603
Hello-Python,mouredev,2022-08-03T17:14:53Z,2025-02-24T08:48:46Z,Python,0,0,153,130,28589
linkedin-skill-assessments-quizzes,Ebazhanov,2019-07-13T19:52:56Z,2025-02-24T06:44:14Z,,5638,1,890,807,28576
react-spring,pmndrs,2018-03-07T15:39:32Z,2025-02-23T23:20:45Z,TypeScript,429,50,1244,1141,28483
puter,HeyPuter,2024-03-03T01:44:32Z,2025-02-24T10:17:07Z,JavaScript,476,8,538,382,28477
vuex,vuejs,2015-07-16T04:21:26Z,2025-02-22T17:56:51Z,JavaScript,656,51,1265,1166,28461
handson-ml2,ageron,2019-01-08T03:49:07Z,2025-02-23T19:55:20Z,Jupyter Notebook,64,0,514,300,28444
llama3,meta-llama,2024-03-15T17:57:00Z,2025-02-24T07:53:29Z,Python,24,0,284,118,28378
machine-learning-for-software-engineers,ZuzooVn,2016-10-09T21:20:25Z,2025-02-24T10:07:05Z,,60,0,26,9,28366
android_guides,codepath,2013-06-19T10:24:45Z,2025-02-24T06:15:11Z,,10,0,379,219,28348
plyr,sampotts,2015-02-14T11:33:07Z,2025-02-24T02:14:37Z,JavaScript,384,88,2099,1220,28341
Free-Certifications,cloudcommunity,2020-07-31T10:26:19Z,2025-02-24T08:16:48Z,,115,0,96,67,28329
xxl-job,xuxueli,2015-11-28T12:59:34Z,2025-02-24T08:17:37Z,Java,109,36,3136,2484,28328
Clone-Wars,GorvGoyl,2020-12-02T11:10:16Z,2025-02-24T05:32:33Z,,130,0,81,70,28328
UTM,utmapp,2019-04-12T16:09:24Z,2025-02-24T09:53:28Z,Swift,249,118,3229,2354,28250
spring-cloud-alibaba,alibaba,2017-12-01T20:49:15Z,2025-02-24T07:42:09Z,Java,1063,47,2442,2190,28238
react-three-fiber,pmndrs,2019-02-25T14:31:51Z,2025-02-24T06:26:32Z,TypeScript,632,119,1074,1018,28232
async,caolan,2010-06-01T21:01:30Z,2025-02-21T21:32:32Z,JavaScript,554,7,1139,1133,28224
ladybird,LadybirdBrowser,2024-05-30T09:18:10Z,2025-02-24T10:11:13Z,C++,2615,0,704,361,28186
JavaScript30,wesbos,2016-12-07T19:15:31Z,2025-02-24T09:01:15Z,HTML,153,0,0,0,28132
trilium,zadam,2017-05-23T00:30:20Z,2025-02-24T09:11:13Z,JavaScript,250,297,3499,2614,28122
the-super-tiny-compiler,jamiebuilds,2016-03-11T04:19:18Z,2025-02-23T08:21:53Z,JavaScript,20,0,0,0,28122
tinygrad,tinygrad,2020-10-18T16:23:12Z,2025-02-24T10:09:30Z,Python,6103,11,864,740,28108
immer,immerjs,2017-12-29T12:25:47Z,2025-02-24T06:04:04Z,JavaScript,374,109,665,632,28105
backbone,jashkenas,2010-09-30T19:41:28Z,2025-02-23T12:21:15Z,JavaScript,880,0,2404,2364,28103
cobalt,imputnet,2022-07-08T18:12:55Z,2025-02-24T10:05:47Z,Svelte,201,0,736,604,28091
druid,alibaba,2011-11-03T05:12:51Z,2025-02-24T02:56:31Z,Java,1453,51,4483,2276,28071
DevToys,DevToys-app,2021-09-29T01:40:41Z,2025-02-24T03:15:04Z,C#,498,38,886,657,28065
ChatGPT,acheong08,2022-12-03T14:35:24Z,2025-02-24T09:20:34Z,Python,294,277,805,794,28058
fish-shell,fish-shell,2012-05-10T03:00:55Z,2025-02-24T09:18:09Z,Rust,2006,45,7383,6958,28041
tuning_playbook,google-research,2023-01-18T23:32:32Z,2025-02-24T08:45:07Z,,14,0,43,34,28036
Complete-Python-3-Bootcamp,Pierian-Data,2018-02-12T19:30:10Z,2025-02-24T05:36:08Z,Jupyter Notebook,12,0,361,223,28020
tokio,tokio-rs,2016-09-09T22:31:36Z,2025-02-24T10:04:39Z,Rust,3443,126,2385,2095,27997
nginxconfig.io,digitalocean,2018-01-05T14:21:14Z,2025-02-23T09:44:51Z,JavaScript,191,0,238,184,27979
filebrowser,filebrowser,2015-09-11T21:21:58Z,2025-02-24T10:05:55Z,Go,526,62,2540,2451,27947
stb,nothings,2014-05-25T16:51:23Z,2025-02-24T10:07:00Z,C,285,0,851,687,27933
reverse-interview,viraptor,2019-09-08T13:38:40Z,2025-02-24T10:12:53Z,,75,0,25,18,27918
data-science-ipython-notebooks,donnemartin,2015-01-23T19:38:29Z,2025-02-24T07:05:29Z,Python,31,0,41,22,27892
viper,spf13,2014-04-02T14:33:33Z,2025-02-24T08:48:22Z,Go,487,32,885,478,27888
os-tutorial,cfenollosa,2014-09-29T08:39:34Z,2025-02-24T09:17:32Z,C,11,0,176,104,27867
mantine,mantinedev,2021-01-07T14:02:19Z,2025-02-24T09:47:54Z,TypeScript,1364,252,2949,2925,27860
cursor,getcursor,2023-03-12T00:19:42Z,2025-02-24T10:10:26Z,,46,0,2473,1080,27860
react-select,JedWatson,2014-08-26T04:27:45Z,2025-02-23T22:58:05Z,TypeScript,1051,59,3607,3247,27834
xstate,statelyai,2015-09-14T15:04:15Z,2025-02-24T09:03:47Z,TypeScript,1909,400,1369,1273,27833
aider,Aider-AI,2023-05-09T18:57:49Z,2025-02-24T10:07:01Z,Python,184,81,2850,2338,27830
xyflow,xyflow,2019-07-15T14:47:30Z,2025-02-24T09:49:25Z,TypeScript,1250,294,2126,2017,27815
medusa,medusajs,2020-01-18T13:39:04Z,2025-02-24T10:12:02Z,TypeScript,6588,113,2760,2676,27794
glances,nicolargo,2011-12-04T08:49:15Z,2025-02-24T07:44:23Z,Python,710,49,1983,1803,27794
GPT_API_free,chatanywhere,2023-04-23T12:42:08Z,2025-02-24T09:37:46Z,Python,1,0,332,275,27778
waifu2x,nagadomi,2015-05-17T07:29:15Z,2025-02-23T13:19:43Z,Lua,68,3,362,209,27760
Charts,ChartsOrg,2015-03-20T10:49:12Z,2025-02-24T08:06:19Z,Swift,418,38,4267,3383,27744
mobx,mobxjs,2015-03-14T14:31:38Z,2025-02-24T07:56:23Z,TypeScript,1143,112,1962,1911,27738
applied-ml,eugeneyan,2020-07-04T18:57:47Z,2025-02-24T09:29:02Z,,208,0,24,22,27724
jan,janhq,2023-08-17T02:17:10Z,2025-02-24T09:41:17Z,TypeScript,1973,73,2192,2054,27717
restic,restic,2014-04-27T14:07:58Z,2025-02-24T04:13:11Z,Go,2127,47,2712,2348,27710
90DaysOfDevOps,MichaelCade,2021-12-26T13:55:18Z,2025-02-24T09:05:08Z,Shell,357,2,89,80,27677
ink,vadimdemedes,2017-06-12T06:12:28Z,2025-02-24T06:39:40Z,TypeScript,213,53,358,290,27670
DeepFaceLive,iperov,2020-12-15T12:19:22Z,2025-02-24T08:11:52Z,Python,13,35,144,143,27661
diffusers,huggingface,2022-05-30T16:04:02Z,2025-02-24T10:11:27Z,Python,4344,81,4537,4129,27653
vhr,lenve,2018-01-04T08:57:51Z,2025-02-24T01:18:21Z,Java,1,0,254,96,27598
gitbook,GitbookIO,2014-03-31T03:01:56Z,2025-02-24T05:44:59Z,TypeScript,719,21,1867,1829,27579
hosts,StevenBlack,2012-04-12T20:22:50Z,2025-02-24T03:48:28Z,Python,476,731,2023,1945,27541
CLIP,openai,2020-12-16T11:24:42Z,2025-02-24T08:36:59Z,Jupyter Notebook,28,0,412,189,27509
yapi,YMFE,2016-05-30T09:09:09Z,2025-02-24T06:44:17Z,JavaScript,141,1,2447,921,27505
helm,helm,2015-10-06T01:07:32Z,2025-02-24T09:52:52Z,Go,3855,204,7942,7559,27500
textual,Textualize,2021-04-08T15:24:47Z,2025-02-24T10:04:36Z,Python,2022,166,2106,1938,27469
vnpy,vnpy,2015-03-02T03:36:58Z,2025-02-24T09:58:35Z,Python,1043,62,2076,2070,27470
Daily-Interview-Question,Advanced-Frontend,2019-01-19T10:49:00Z,2025-02-24T06:43:30Z,JavaScript,15,0,560,298,27453
ResumeSample,geekcompany,2014-09-08T08:08:13Z,2025-02-24T09:14:36Z,,2,0,0,0,27437
python-fire,google,2017-02-21T21:35:07Z,2025-02-24T08:22:47Z,Python,118,11,326,198,27423
motion,motiondivision,2018-11-16T09:48:38Z,2025-02-24T08:17:42Z,TypeScript,971,0,1749,1499,27406
underscore,jashkenas,2009-10-25T18:31:06Z,2025-02-23T14:54:16Z,JavaScript,746,0,1424,1394,27382
Xray-core,XTLS,2020-11-09T11:23:10Z,2025-02-24T09:54:44Z,Go,851,78,2366,2355,27328
Python-programming-exercises,zhiwehu,2012-06-14T07:56:46Z,2025-02-24T07:48:33Z,,0,0,85,17,27324
aos,michalsnik,2015-07-09T17:49:00Z,2025-02-24T06:42:43Z,JavaScript,38,0,700,360,27286
Jobs_Applier_AI_Agent_AIHawk,feder-cr,2024-08-04T12:15:06Z,2025-02-24T08:26:16Z,Python,185,0,682,653,27272
ghostty,ghostty-org,2022-03-29T17:38:26Z,2025-02-24T08:55:37Z,Zig,2005,1,1618,1484,27272
Retrieval-based-Voice-Conversion-WebUI,RVC-Project,2023-03-27T09:59:10Z,2025-02-24T09:52:06Z,Python,477,7,1781,1276,27268
weui,Tencent,2014-12-18T04:09:54Z,2025-02-24T04:30:07Z,HTML,203,51,668,615,27267
it-tools,CorentinTh,2020-04-05T11:50:24Z,2025-02-24T10:15:59Z,Vue,489,10,557,190,27256
mindsdb,mindsdb,2018-08-02T17:56:45Z,2025-02-24T09:35:38Z,Python,4798,283,4106,4027,27248
TrackersListCollection,XIU2,2019-10-03T15:55:07Z,2025-02-24T08:08:15Z,,5,0,0,0,27241
dragonfly,dragonflydb,2021-12-11T10:00:42Z,2025-02-24T08:53:32Z,C++,2743,91,1463,1263,27236
Probabilistic-Programming-and-Bayesian-Methods-for-Hackers,CamDavidsonPilon,2013-01-14T15:46:28Z,2025-02-24T04:10:20Z,Jupyter Notebook,243,0,245,90,27208
awesome-sysadmin,awesome-foss,2014-12-23T08:41:22Z,2025-02-24T06:28:11Z,,317,0,100,86,27147
AdGuardHome,AdguardTeam,2016-07-06T10:31:47Z,2025-02-24T10:16:40Z,Go,122,195,5562,4539,27147
dnSpy,dnSpy,2015-07-01T16:05:10Z,2025-02-24T08:51:08Z,C#,53,1,0,0,27133
firecracker,firecracker-microvm,2017-10-19T06:18:47Z,2025-02-24T09:34:05Z,Rust,2918,75,1432,1372,27113
mongoose,Automattic,2010-04-06T21:39:05Z,2025-02-24T07:53:11Z,JavaScript,3252,176,10957,10742,27113
JCSprout,crossoverJie,2017-12-17T09:06:50Z,2025-02-24T06:44:10Z,Java,69,0,89,59,27092
crewAI,crewAIInc,2023-10-27T03:26:59Z,2025-02-24T09:39:15Z,Python,572,76,1138,1024,27082
commander.js,tj,2011-08-14T21:33:58Z,2025-02-24T09:18:04Z,JavaScript,784,82,1105,1100,27068
Tvlist-awesome-m3u-m3u8,imDazui,2017-02-18T03:59:25Z,2025-02-24T08:47:48Z,,1,0,70,47,27067
turborepo,vercel,2021-10-05T17:37:11Z,2025-02-24T06:49:28Z,Rust,5758,464,1836,1707,27040
Web,qianguyihao,2017-01-03T11:44:33Z,2025-02-24T09:52:49Z,,0,0,212,152,27025
firecrawl,mendableai,2024-04-15T21:02:29Z,2025-02-24T10:06:19Z,TypeScript,449,12,485,386,27028
python-telegram-bot,python-telegram-bot,2015-07-07T15:30:39Z,2025-02-24T09:08:20Z,Python,1527,121,2222,2206,27014
tdesktop,telegramdesktop,2014-05-02T12:36:31Z,2025-02-24T09:26:08Z,C++,1631,770,14699,13840,26999
swagger-ui,swagger-api,2011-07-15T22:56:39Z,2025-02-24T04:40:12Z,JavaScript,3206,351,5551,4389,26971
legacy-homebrew,Homebrew,2009-05-20T19:38:37Z,2025-02-23T12:24:28Z,,222,0,17029,17029,26962
codemirror5,codemirror,2011-01-14T13:44:03Z,2025-02-24T09:28:09Z,JavaScript,594,173,4195,3788,26962
redash,getredash,2013-10-28T13:19:39Z,2025-02-24T02:39:29Z,Python,3222,99,2534,1940,26948
coder2gwy,coder2gwy,2020-12-30T14:40:50Z,2025-02-24T09:21:04Z,,2,0,155,28,26904
wails,wailsapp,2018-12-15T23:14:06Z,2025-02-24T08:58:38Z,Go,1378,228,1928,1676,26902
Avalonia,AvaloniaUI,2013-12-05T20:13:21Z,2025-02-24T08:38:04Z,C#,5099,98,7513,5921,26874
ace,ajaxorg,2010-10-27T10:43:36Z,2025-02-24T02:45:17Z,JavaScript,1855,98,3127,3042,26869
rethinkdb,rethinkdb,2012-10-30T05:37:47Z,2025-02-23T14:40:11Z,C++,460,72,6392,5047,26855
headlessui,tailwindlabs,2020-09-16T09:53:09Z,2025-02-24T09:23:00Z,TypeScript,590,120,1350,1254,26838
anoma,anoma,2021-02-02T10:00:16Z,2025-02-24T08:55:01Z,Elixir,720,7,627,513,26835
kit,go-kit,2015-02-03T00:01:19Z,2025-02-23T13:24:15Z,Go,479,13,567,527,26829
angular-cli,angular,2015-06-04T19:49:37Z,2025-02-23T23:23:29Z,TypeScript,11065,795,15793,15514,26829
rust-course,sunface,2018-08-07T05:01:21Z,2025-02-24T09:54:48Z,Rust,749,0,206,148,26822
mongo,mongodb,2009-01-15T16:15:18Z,2025-02-24T08:24:52Z,C++,125,0,0,0,26814
vue-vben-admin,vbenjs,2020-07-11T02:29:21Z,2025-02-24T09:43:22Z,Vue,1430,54,3108,3047,26811
k6,grafana,2016-03-21T15:30:24Z,2025-02-24T10:07:46Z,Go,1921,68,2218,1525,26812
Faker,fzaninotto,2011-10-14T22:49:02Z,2025-02-24T03:42:33Z,PHP,823,12,570,494,26797
taichi,taichi-dev,2016-11-24T10:00:05Z,2025-02-24T09:06:41Z,C++,5154,117,2681,1867,26774
gitflow,nvie,2010-01-20T23:14:12Z,2025-02-24T09:43:18Z,Shell,36,0,364,126,26758
openssl,openssl,2013-01-15T22:34:48Z,2025-02-24T10:15:49Z,C,144,274,10319,8690,26751
hangzhou_house_knowledge,houshanren,2018-02-24T01:54:18Z,2025-02-23T11:55:23Z,CSS,6,0,148,49,26742
data-engineer-handbook,DataExpert-io,2023-11-19T19:47:41Z,2025-02-24T08:06:24Z,Jupyter Notebook,141,0,44,35,26733
duckdb,duckdb,2018-06-26T15:04:45Z,2025-02-24T09:37:15Z,C++,7128,46,5560,5249,26694
fastai,fastai,2017-09-09T17:43:36Z,2025-02-24T09:20:18Z,Jupyter Notebook,1683,55,1807,1594,26665
xgboost,dmlc,2014-02-06T17:28:03Z,2025-02-24T07:42:49Z,C++,4687,62,5403,5026,26627
react-virtualized,bvaughn,2015-11-03T00:48:07Z,2025-02-24T06:29:57Z,JavaScript,454,6,1217,1214,26619
so-vits-svc,svc-develop-team,2023-03-10T09:31:09Z,2025-02-24T10:14:44Z,Python,153,0,129,108,26591
Rectangle,rxhanson,2019-06-21T21:34:53Z,2025-02-23T16:29:48Z,Swift,252,89,665,570,26514
vagrant,hashicorp,2010-01-21T08:34:27Z,2025-02-24T09:28:35Z,Ruby,2712,134,9564,8887,26500
30-Days-Of-React,Asabeneh,2020-09-29T13:38:54Z,2025-02-24T08:57:37Z,JavaScript,10,0,77,18,26477
drizzle-orm,drizzle-team,2021-06-24T09:03:05Z,2025-02-24T09:29:18Z,TypeScript,565,128,2680,1565,26475
nodemon,remy,2010-10-03T12:50:52Z,2025-02-24T09:22:54Z,JavaScript,308,102,1672,1670,26461
cascadia-code,microsoft,2019-07-10T22:50:20Z,2025-02-24T05:39:27Z,Python,84,20,638,496,26459
vscodium,VSCodium,2018-08-13T14:26:58Z,2025-02-24T03:04:06Z,Shell,486,212,1381,1262,26420
create-t3-app,t3-oss,2022-05-24T13:31:01Z,2025-02-24T09:41:14Z,TypeScript,1087,135,706,647,26419
srs,ossrs,2015-04-29T06:59:32Z,2025-02-24T07:33:09Z,C++,465,66,1461,1260,26417
spleeter,deezer,2019-09-26T15:40:46Z,2025-02-24T10:12:45Z,Python,51,2,784,561,26415
MinerU,opendatalab,2024-02-29T08:52:34Z,2025-02-24T10:14:28Z,Python,602,91,1008,952,26407
kitty,kovidgoyal,2016-10-16T14:48:28Z,2025-02-24T06:31:10Z,Python,1080,121,5900,5887,26398
GoodbyeDPI,ValdikSS,2017-05-16T18:48:52Z,2025-02-24T09:44:48Z,C,24,30,695,566,26384
khoj,khoj-ai,2021-08-16T01:48:44Z,2025-02-24T09:57:08Z,Python,446,127,517,449,26384
the_silver_searcher,ggreer,2011-11-19T19:50:47Z,2025-02-23T22:13:41Z,C,399,0,849,412,26368
Detectron,facebookresearch,2017-10-05T17:32:00Z,2025-02-24T06:13:52Z,Python,0,0,926,620,26304
quasar,quasarframework,2015-10-05T15:45:36Z,2025-02-24T07:27:41Z,JavaScript,3633,989,7910,7398,26294
miaosha,qiurunze123,2018-09-14T04:36:24Z,2025-02-24T09:07:12Z,Java,20,0,82,80,26257
ChatDev,OpenBMB,2023-08-28T02:18:13Z,2025-02-24T09:48:27Z,Python,110,9,270,246,26254
nprogress,rstacruz,2013-08-20T13:58:02Z,2025-02-24T03:29:33Z,JavaScript,34,7,155,52,26250
emscripten,emscripten-core,2011-02-12T05:23:30Z,2025-02-24T09:30:26Z,C++,11565,0,9534,7678,26203
cmder,cmderdev,2013-07-09T07:44:22Z,2025-02-23T15:59:33Z,C++,430,34,2281,2227,26194
Signal-Android,signalapp,2011-12-15T20:01:12Z,2025-02-24T06:53:19Z,Kotlin,238,81,11001,10624,26141
awesome-electron,sindresorhus,2015-04-23T11:48:53Z,2025-02-24T04:43:18Z,,268,0,44,42,26137
jumpserver,jumpserver,2014-07-04T03:54:59Z,2025-02-24T07:33:27Z,Python,7020,240,6939,6898,26124
nginx,nginx,2015-06-23T10:26:27Z,2025-02-24T08:16:30Z,C,56,4,209,93,26084
ExplorerPatcher,valinet,2021-08-09T14:17:24Z,2025-02-24T09:02:25Z,C,15,287,2288,2056,26083
fastText,facebookresearch,2016-07-16T13:38:42Z,2025-02-24T06:50:51Z,HTML,12,4,1077,611,26080
lottie-ios,airbnb,2016-10-06T22:38:38Z,2025-02-24T08:59:15Z,Swift,719,69,1444,1417,26060
next-auth,nextauthjs,2018-01-27T12:28:16Z,2025-02-24T10:00:34Z,TypeScript,2177,1000,4800,4485,26057
darknet,pjreddie,2014-04-11T07:59:16Z,2025-02-24T09:45:14Z,C,10,0,2373,561,26034
awesome-vscode,viatsko,2016-02-07T23:02:45Z,2025-02-24T07:10:05Z,JavaScript,243,0,50,26,26017
ItChat,littlecodersh,2016-01-19T07:49:48Z,2025-02-24T10:02:59Z,Python,29,13,905,623,25961
hacker-laws,dwmkerr,2018-01-25T03:46:34Z,2025-02-24T07:04:26Z,Shell,180,1,210,71,25960
select2,select2,2012-03-04T18:43:12Z,2025-02-23T16:33:20Z,JavaScript,713,29,4825,4718,25952
go-patterns,tmrts,2015-12-14T22:05:06Z,2025-02-24T09:11:57Z,Go,10,0,30,13,25938
DeepSpeech,mozilla,2016-06-02T15:04:53Z,2025-02-24T10:12:22Z,C++,1338,105,2112,1986,25928
fonts,powerline,2012-12-19T13:31:50Z,2025-02-24T03:56:07Z,Shell,75,1,253,98,25903
table,TanStack,2016-10-20T17:25:08Z,2025-02-24T06:39:25Z,TypeScript,960,267,2469,2273,25857
everyone-can-use-english,ZuodaoTech,2019-03-15T16:33:53Z,2025-02-24T10:16:30Z,TypeScript,455,46,430,370,25839
refined-github,refined-github,2016-02-15T16:45:02Z,2025-02-24T06:35:08Z,TypeScript,3316,166,4323,4210,25835
setup-ipsec-vpn,hwdsl2,2016-01-07T16:44:12Z,2025-02-24T09:07:33Z,Shell,44,0,1484,1483,25822
fyne,fyne-io,2018-02-04T22:07:16Z,2025-02-24T07:59:17Z,Go,1873,49,2988,2325,25819
Telegram,DrKLO,2013-10-25T14:08:10Z,2025-02-24T09:56:30Z,Java,20,95,0,0,25817
awesome-datascience,academic,2014-07-05T07:07:43Z,2025-02-24T07:26:53Z,,364,11,60,59,25784
iced,iced-rs,2019-07-15T22:34:46Z,2025-02-24T09:15:12Z,Rust,980,17,1158,862,25775
fastjson,alibaba,2011-11-03T06:58:52Z,2025-02-21T10:36:54Z,Java,418,84,3630,1695,25776
fetch,JakeChampion,2014-10-13T00:26:19Z,2025-02-23T14:23:48Z,JavaScript,197,56,655,647,25768
llm.c,karpathy,2024-04-08T16:58:11Z,2025-02-24T09:01:24Z,Cuda,310,0,145,66,25767
awesome-actions,sdras,2018-10-17T17:53:45Z,2025-02-24T10:17:13Z,,445,0,41,27,25730
1Panel,1Panel-dev,2022-07-19T15:44:52Z,2025-02-24T10:17:09Z,Go,2968,79,4343,3729,25730
Modernizr,Modernizr,2009-09-25T20:13:23Z,2025-02-24T08:51:05Z,JavaScript,811,27,1495,1324,25716
